console,title,href
n64,007 - GoldenEye (Europe),/Nintendo_64_ROMs/007_-_GoldenEye_(Europe)/39543
n64,007 - GoldenEye (Japan),/Nintendo_64_ROMs/007_-_GoldenEye_(Japan)/39544
n64,007 - GoldenEye (USA),/Nintendo_64_ROMs/007_-_GoldenEye_(USA)/39545
n64,"007 - The World Is Not Enough (Europe) (En,Fr,De)","/Nintendo_64_ROMs/007_-_The_World_Is_Not_Enough_(Europe)_(En,Fr,De)/39546"
n64,007 - The World Is Not Enough (USA),/Nintendo_64_ROMs/007_-_The_World_Is_Not_Enough_(USA)/39547
n64,"1080 Snowboarding (Europe) (En,Ja,Fr,De)","/Nintendo_64_ROMs/1080_Snowboarding_(Europe)_(En,Ja,Fr,De)/39548"
n64,"1080 Snowboarding (Japan, USA) (En,Ja)","/Nintendo_64_ROMs/1080_Snowboarding_(Japan,_USA)_(En,Ja)/39549"
n64,"40 Winks (Europe) (En,Es,It) (Proto)","/Nintendo_64_ROMs/40_Winks_(Europe)_(En,Es,It)_(Proto)/39550"
n64,64 de Hakken!! Tamagotchi - Minna de Tamagotchi World (Japan),/Nintendo_64_ROMs/64_de_Hakken!!_Tamagotchi_-_Minna_de_Tamagotchi_World_(Japan)/39551
n64,64 Hanafuda - Tenshi no Yakusoku (Japan),/Nintendo_64_ROMs/64_Hanafuda_-_Tenshi_no_Yakusoku_(Japan)/39552
n64,64 Oozumou (Japan),/Nintendo_64_ROMs/64_Oozumou_(Japan)/39554
n64,64 Oozumou 2 (Japan),/Nintendo_64_ROMs/64_Oozumou_2_(Japan)/39553
n64,64 Trump Collection - Alice no Wakuwaku Trump World (Japan),/Nintendo_64_ROMs/64_Trump_Collection_-_Alice_no_Wakuwaku_Trump_World_(Japan)/39555
n64,"AeroFighters Assault (Europe) (En,Fr,De)","/Nintendo_64_ROMs/AeroFighters_Assault_(Europe)_(En,Fr,De)/39556"
n64,AeroFighters Assault (USA),/Nintendo_64_ROMs/AeroFighters_Assault_(USA)/39557
n64,"AeroGauge (Europe) (En,Fr,De)","/Nintendo_64_ROMs/AeroGauge_(Europe)_(En,Fr,De)/39558"
n64,AeroGauge (Japan) (Kiosk Demo),/Nintendo_64_ROMs/AeroGauge_(Japan)_(Kiosk_Demo)/39559
n64,AeroGauge (Japan) (Rev A),/Nintendo_64_ROMs/AeroGauge_(Japan)_(Rev_A)/39560
n64,AeroGauge (USA),/Nintendo_64_ROMs/AeroGauge_(USA)/39561
n64,AI Shougi 3 (Japan),/Nintendo_64_ROMs/AI_Shougi_3_(Japan)/39566
n64,Aidyn Chronicles - The First Mage (Europe),/Nintendo_64_ROMs/Aidyn_Chronicles_-_The_First_Mage_(Europe)/39562
n64,Aidyn Chronicles - The First Mage (USA),/Nintendo_64_ROMs/Aidyn_Chronicles_-_The_First_Mage_(USA)/39563
n64,Air Boarder 64 (Europe),/Nintendo_64_ROMs/Air_Boarder_64_(Europe)/39564
n64,Air Boarder 64 (Japan),/Nintendo_64_ROMs/Air_Boarder_64_(Japan)/39565
n64,Akumajou Dracula Mokushiroku - Real Action Adventure (Japan),/Nintendo_64_ROMs/Akumajou_Dracula_Mokushiroku_-_Real_Action_Adventure_(Japan)/39568
n64,Akumajou Dracula Mokushiroku Gaiden - Legend of Cornell (Japan),/Nintendo_64_ROMs/Akumajou_Dracula_Mokushiroku_Gaiden_-_Legend_of_Cornell_(Japan)/39567
n64,"All Star Tennis '99 (Europe) (En,Fr,De,Es,It)","/Nintendo_64_ROMs/All_Star_Tennis_'99_(Europe)_(En,Fr,De,Es,It)/39574"
n64,All Star Tennis '99 (USA),/Nintendo_64_ROMs/All_Star_Tennis_'99_(USA)/39575
n64,All-Star Baseball '99 (Europe),/Nintendo_64_ROMs/All-Star_Baseball_'99_(Europe)/39572
n64,All-Star Baseball '99 (USA),/Nintendo_64_ROMs/All-Star_Baseball_'99_(USA)/39573
n64,All-Star Baseball 2000 (Europe),/Nintendo_64_ROMs/All-Star_Baseball_2000_(Europe)/39569
n64,All-Star Baseball 2000 (USA),/Nintendo_64_ROMs/All-Star_Baseball_2000_(USA)/39570
n64,All-Star Baseball 2001 (USA),/Nintendo_64_ROMs/All-Star_Baseball_2001_(USA)/39571
n64,Armorines - Project S.W.A.R.M. (Europe),/Nintendo_64_ROMs/Armorines_-_Project_S.W.A.R.M._(Europe)/39576
n64,Armorines - Project S.W.A.R.M. (Germany),/Nintendo_64_ROMs/Armorines_-_Project_S.W.A.R.M._(Germany)/39577
n64,Armorines - Project S.W.A.R.M. (USA),/Nintendo_64_ROMs/Armorines_-_Project_S.W.A.R.M._(USA)/39578
n64,Army Men - Air Combat (USA),/Nintendo_64_ROMs/Army_Men_-_Air_Combat_(USA)/39579
n64,"Army Men - Sarge's Heroes (Europe) (En,Fr,De)","/Nintendo_64_ROMs/Army_Men_-_Sarge's_Heroes_(Europe)_(En,Fr,De)/39581"
n64,Army Men - Sarge's Heroes (USA),/Nintendo_64_ROMs/Army_Men_-_Sarge's_Heroes_(USA)/39582
n64,Army Men - Sarge's Heroes 2 (USA),/Nintendo_64_ROMs/Army_Men_-_Sarge's_Heroes_2_(USA)/39580
n64,Asteroids Hyper 64 (USA),/Nintendo_64_ROMs/Asteroids_Hyper_64_(USA)/39583
n64,Automobili Lamborghini (Europe),/Nintendo_64_ROMs/Automobili_Lamborghini_(Europe)/39584
n64,Automobili Lamborghini (USA),/Nintendo_64_ROMs/Automobili_Lamborghini_(USA)/39585
n64,Baku Bomberman (Japan),/Nintendo_64_ROMs/Baku_Bomberman_(Japan)/39587
n64,Baku Bomberman 2 (Japan),/Nintendo_64_ROMs/Baku_Bomberman_2_(Japan)/39586
n64,Bakuretsu Muteki Bangaioh (Japan),/Nintendo_64_ROMs/Bakuretsu_Muteki_Bangaioh_(Japan)/39588
n64,Bakushou Jinsei 64 - Mezase! Resort Ou (Japan),/Nintendo_64_ROMs/Bakushou_Jinsei_64_-_Mezase!_Resort_Ou_(Japan)/39589
n64,Banjo to Kazooie no Daibouken (Japan),/Nintendo_64_ROMs/Banjo_to_Kazooie_no_Daibouken_(Japan)/39594
n64,Banjo to Kazooie no Daibouken 2 (Japan),/Nintendo_64_ROMs/Banjo_to_Kazooie_no_Daibouken_2_(Japan)/39593
n64,"Banjo-Kazooie (Europe) (En,Fr,De)","/Nintendo_64_ROMs/Banjo-Kazooie_(Europe)_(En,Fr,De)/39590"
n64,Banjo-Kazooie (USA),/Nintendo_64_ROMs/Banjo-Kazooie_(USA)/39592
n64,Banjo-Kazooie (USA) (Rev A),/Nintendo_64_ROMs/Banjo-Kazooie_(USA)_(Rev_A)/39591
n64,Banjo-Tooie (Australia),/Nintendo_64_ROMs/Banjo-Tooie_(Australia)/39595
n64,"Banjo-Tooie (Europe) (En,Fr,De,Es)","/Nintendo_64_ROMs/Banjo-Tooie_(Europe)_(En,Fr,De,Es)/39596"
n64,Banjo-Tooie (USA),/Nintendo_64_ROMs/Banjo-Tooie_(USA)/39597
n64,Bass Rush - ECOGEAR PowerWorm Championship (Japan),/Nintendo_64_ROMs/Bass_Rush_-_ECOGEAR_PowerWorm_Championship_(Japan)/39599
n64,Bassmasters 2000 (USA),/Nintendo_64_ROMs/Bassmasters_2000_(USA)/39598
n64,Batman Beyond - Return of the Joker (USA),/Nintendo_64_ROMs/Batman_Beyond_-_Return_of_the_Joker_(USA)/39600
n64,"Batman of the Future - Return of the Joker (Europe) (En,Fr,De)","/Nintendo_64_ROMs/Batman_of_the_Future_-_Return_of_the_Joker_(Europe)_(En,Fr,De)/39601"
n64,"BattleTanx - Global Assault (Europe) (En,Fr,De)","/Nintendo_64_ROMs/BattleTanx_-_Global_Assault_(Europe)_(En,Fr,De)/39602"
n64,BattleTanx - Global Assault (USA),/Nintendo_64_ROMs/BattleTanx_-_Global_Assault_(USA)/39603
n64,BattleTanx (USA),/Nintendo_64_ROMs/BattleTanx_(USA)/39604
n64,Battlezone - Rise of the Black Dogs (USA),/Nintendo_64_ROMs/Battlezone_-_Rise_of_the_Black_Dogs_(USA)/39605
n64,"Beetle Adventure Racing! (Europe) (En,Fr,De)","/Nintendo_64_ROMs/Beetle_Adventure_Racing!_(Europe)_(En,Fr,De)/39606"
n64,Beetle Adventure Racing! (Japan),/Nintendo_64_ROMs/Beetle_Adventure_Racing!_(Japan)/39607
n64,"Beetle Adventure Racing! (USA) (En,Fr,De)","/Nintendo_64_ROMs/Beetle_Adventure_Racing!_(USA)_(En,Fr,De)/39608"
n64,Big Mountain 2000 (USA),/Nintendo_64_ROMs/Big_Mountain_2000_(USA)/39609
n64,Bio F.R.E.A.K.S. (Europe),/Nintendo_64_ROMs/Bio_F.R.E.A.K.S._(Europe)/39610
n64,Bio F.R.E.A.K.S. (USA),/Nintendo_64_ROMs/Bio_F.R.E.A.K.S._(USA)/39611
n64,Biohazard 2 (Japan),/Nintendo_64_ROMs/Biohazard_2_(Japan)/39612
n64,"Blast Corps (Europe) (En,De)","/Nintendo_64_ROMs/Blast_Corps_(Europe)_(En,De)/39613"
n64,Blast Corps (USA),/Nintendo_64_ROMs/Blast_Corps_(USA)/39615
n64,Blast Corps (USA) (Rev A),/Nintendo_64_ROMs/Blast_Corps_(USA)_(Rev_A)/39614
n64,Blastdozer (Japan),/Nintendo_64_ROMs/Blastdozer_(Japan)/39616
n64,"Blues Brothers 2000 (Europe) (En,Fr,De,Es,It,Nl)","/Nintendo_64_ROMs/Blues_Brothers_2000_(Europe)_(En,Fr,De,Es,It,Nl)/39617"
n64,Blues Brothers 2000 (USA),/Nintendo_64_ROMs/Blues_Brothers_2000_(USA)/39618
n64,"Body Harvest (Europe) (En,Fr,De)","/Nintendo_64_ROMs/Body_Harvest_(Europe)_(En,Fr,De)/39619"
n64,Body Harvest (USA),/Nintendo_64_ROMs/Body_Harvest_(USA)/39620
n64,Bokujou Monogatari 2 (Japan),/Nintendo_64_ROMs/Bokujou_Monogatari_2_(Japan)/39621
n64,Bomberman 64 - The Second Attack! (USA),/Nintendo_64_ROMs/Bomberman_64_-_The_Second_Attack!_(USA)/39624
n64,Bomberman 64 (Europe),/Nintendo_64_ROMs/Bomberman_64_(Europe)/39622
n64,Bomberman 64 (Japan) (Arcade Edition),/Nintendo_64_ROMs/Bomberman_64_(Japan)_(Arcade_Edition)/39623
n64,Bomberman 64 (USA),/Nintendo_64_ROMs/Bomberman_64_(USA)/39625
n64,Bomberman Hero - Mirian Oujo wo Sukue! (Japan),/Nintendo_64_ROMs/Bomberman_Hero_-_Mirian_Oujo_wo_Sukue!_(Japan)/39627
n64,Bomberman Hero (Europe),/Nintendo_64_ROMs/Bomberman_Hero_(Europe)/39626
n64,Bomberman Hero (USA),/Nintendo_64_ROMs/Bomberman_Hero_(USA)/39628
n64,Bottom of the 9th (USA),/Nintendo_64_ROMs/Bottom_of_the_9th_(USA)/39629
n64,Brunswick Circuit Pro Bowling (USA),/Nintendo_64_ROMs/Brunswick_Circuit_Pro_Bowling_(USA)/39630
n64,"Buck Bumble (Europe) (En,Fr,De,Es,It)","/Nintendo_64_ROMs/Buck_Bumble_(Europe)_(En,Fr,De,Es,It)/39631"
n64,Buck Bumble (Japan),/Nintendo_64_ROMs/Buck_Bumble_(Japan)/39632
n64,Buck Bumble (USA),/Nintendo_64_ROMs/Buck_Bumble_(USA)/39633
n64,"Bug's Life, A (Europe)","/Nintendo_64_ROMs/Bug's_Life,_A_(Europe)/39634"
n64,"Bug's Life, A (France)","/Nintendo_64_ROMs/Bug's_Life,_A_(France)/39635"
n64,"Bug's Life, A (Germany)","/Nintendo_64_ROMs/Bug's_Life,_A_(Germany)/39636"
n64,"Bug's Life, A (Italy)","/Nintendo_64_ROMs/Bug's_Life,_A_(Italy)/39637"
n64,"Bug's Life, A (USA)","/Nintendo_64_ROMs/Bug's_Life,_A_(USA)/39638"
n64,Bust-A-Move '99 (USA),/Nintendo_64_ROMs/Bust-A-Move_'99_(USA)/39642
n64,Bust-A-Move 2 - Arcade Edition (Europe),/Nintendo_64_ROMs/Bust-A-Move_2_-_Arcade_Edition_(Europe)/39639
n64,Bust-A-Move 2 - Arcade Edition (USA),/Nintendo_64_ROMs/Bust-A-Move_2_-_Arcade_Edition_(USA)/39640
n64,Bust-A-Move 3 DX (Europe),/Nintendo_64_ROMs/Bust-A-Move_3_DX_(Europe)/39641
n64,California Speed (USA),/Nintendo_64_ROMs/California_Speed_(USA)/39643
n64,"Carmageddon 64 (Europe) (En,Fr,De,Es)","/Nintendo_64_ROMs/Carmageddon_64_(Europe)_(En,Fr,De,Es)/39644"
n64,"Carmageddon 64 (Europe) (En,Fr,Es,It)","/Nintendo_64_ROMs/Carmageddon_64_(Europe)_(En,Fr,Es,It)/39645"
n64,Carmageddon 64 (USA),/Nintendo_64_ROMs/Carmageddon_64_(USA)/39646
n64,"Castlevania - Legacy of Darkness (Europe) (En,Fr,De)","/Nintendo_64_ROMs/Castlevania_-_Legacy_of_Darkness_(Europe)_(En,Fr,De)/39648"
n64,Castlevania - Legacy of Darkness (USA),/Nintendo_64_ROMs/Castlevania_-_Legacy_of_Darkness_(USA)/39649
n64,"Castlevania (Europe) (En,Fr,De)","/Nintendo_64_ROMs/Castlevania_(Europe)_(En,Fr,De)/39647"
n64,Castlevania (USA),/Nintendo_64_ROMs/Castlevania_(USA)/39651
n64,Castlevania (USA) (Rev B),/Nintendo_64_ROMs/Castlevania_(USA)_(Rev_B)/39650
n64,Centre Court Tennis (Europe),/Nintendo_64_ROMs/Centre_Court_Tennis_(Europe)/39652
n64,Chameleon Twist (Europe),/Nintendo_64_ROMs/Chameleon_Twist_(Europe)/39656
n64,Chameleon Twist (Japan),/Nintendo_64_ROMs/Chameleon_Twist_(Japan)/39657
n64,Chameleon Twist (USA),/Nintendo_64_ROMs/Chameleon_Twist_(USA)/39658
n64,Chameleon Twist 2 (Europe),/Nintendo_64_ROMs/Chameleon_Twist_2_(Europe)/39653
n64,Chameleon Twist 2 (Japan),/Nintendo_64_ROMs/Chameleon_Twist_2_(Japan)/39654
n64,Chameleon Twist 2 (USA),/Nintendo_64_ROMs/Chameleon_Twist_2_(USA)/39655
n64,Charlie Blast's Territory (Europe),/Nintendo_64_ROMs/Charlie_Blast's_Territory_(Europe)/39659
n64,Charlie Blast's Territory (USA),/Nintendo_64_ROMs/Charlie_Blast's_Territory_(USA)/39660
n64,Chopper Attack (Europe),/Nintendo_64_ROMs/Chopper_Attack_(Europe)/39661
n64,Chopper Attack (USA),/Nintendo_64_ROMs/Chopper_Attack_(USA)/39662
n64,Choro Q 64 (Japan),/Nintendo_64_ROMs/Choro_Q_64_(Japan)/39664
n64,Choro Q 64 II - Hacha Mecha Grand Prix Race (Japan),/Nintendo_64_ROMs/Choro_Q_64_II_-_Hacha_Mecha_Grand_Prix_Race_(Japan)/39663
n64,Chou Kuukan Nighter Pro Yakyuu King (Japan),/Nintendo_64_ROMs/Chou_Kuukan_Nighter_Pro_Yakyuu_King_(Japan)/39666
n64,Chou Kuukan Nighter Pro Yakyuu King 2 (Japan),/Nintendo_64_ROMs/Chou_Kuukan_Nighter_Pro_Yakyuu_King_2_(Japan)/39665
n64,Chou Snobo Kids (Japan),/Nintendo_64_ROMs/Chou_Snobo_Kids_(Japan)/39667
n64,City-Tour GP - Zennihon GT Senshuken (Japan),/Nintendo_64_ROMs/City-Tour_GP_-_Zennihon_GT_Senshuken_(Japan)/39668
n64,Clay Fighter - Sculptor's Cut (USA),/Nintendo_64_ROMs/Clay_Fighter_-_Sculptor's_Cut_(USA)/39672
n64,Clay Fighter 63 1-3 (Europe),/Nintendo_64_ROMs/Clay_Fighter_63_1-3_(Europe)/39669
n64,Clay Fighter 63 1-3 (USA),/Nintendo_64_ROMs/Clay_Fighter_63_1-3_(USA)/39671
n64,Clay Fighter 63 1-3 (USA) (Beta),/Nintendo_64_ROMs/Clay_Fighter_63_1-3_(USA)_(Beta)/39670
n64,"Command & Conquer (Europe) (En,Fr)","/Nintendo_64_ROMs/Command_&_Conquer_(Europe)_(En,Fr)/39673"
n64,Command & Conquer (Germany),/Nintendo_64_ROMs/Command_&_Conquer_(Germany)/39674
n64,Command & Conquer (USA),/Nintendo_64_ROMs/Command_&_Conquer_(USA)/39675
n64,Conker's Bad Fur Day (Europe),/Nintendo_64_ROMs/Conker's_Bad_Fur_Day_(Europe)/39676
n64,Conker's Bad Fur Day (USA),/Nintendo_64_ROMs/Conker's_Bad_Fur_Day_(USA)/39677
n64,Cruis'n Exotica (USA),/Nintendo_64_ROMs/Cruis'n_Exotica_(USA)/39678
n64,Cruis'n USA (Europe),/Nintendo_64_ROMs/Cruis'n_USA_(Europe)/39679
n64,Cruis'n USA (USA),/Nintendo_64_ROMs/Cruis'n_USA_(USA)/39682
n64,Cruis'n USA (USA) (Rev A),/Nintendo_64_ROMs/Cruis'n_USA_(USA)_(Rev_A)/39680
n64,Cruis'n USA (USA) (Rev B),/Nintendo_64_ROMs/Cruis'n_USA_(USA)_(Rev_B)/39681
n64,Cruis'n World (Europe),/Nintendo_64_ROMs/Cruis'n_World_(Europe)/39683
n64,Cruis'n World (USA),/Nintendo_64_ROMs/Cruis'n_World_(USA)/39684
n64,Custom Robo (Japan),/Nintendo_64_ROMs/Custom_Robo_(Japan)/39685
n64,Custom Robo V2 (Japan),/Nintendo_64_ROMs/Custom_Robo_V2_(Japan)/39686
n64,CyberTiger (Europe),/Nintendo_64_ROMs/CyberTiger_(Europe)/39687
n64,CyberTiger (USA),/Nintendo_64_ROMs/CyberTiger_(USA)/39688
n64,"Daffy Duck Starring as Duck Dodgers (Europe) (En,Fr,De,Es,It,Nl)","/Nintendo_64_ROMs/Daffy_Duck_Starring_as_Duck_Dodgers_(Europe)_(En,Fr,De,Es,It,Nl)/39689"
n64,Dance Dance Revolution - Disney Dancing Museum (Japan),/Nintendo_64_ROMs/Dance_Dance_Revolution_-_Disney_Dancing_Museum_(Japan)/39690
n64,Dark Rift (Europe),/Nintendo_64_ROMs/Dark_Rift_(Europe)/39691
n64,Dark Rift (USA),/Nintendo_64_ROMs/Dark_Rift_(USA)/39692
n64,Deadly Arts (USA),/Nintendo_64_ROMs/Deadly_Arts_(USA)/39693
n64,Defi au Tetris Magique (France),/Nintendo_64_ROMs/Defi_au_Tetris_Magique_(France)/39694
n64,Densha de Go! 64 (Japan),/Nintendo_64_ROMs/Densha_de_Go!_64_(Japan)/39695
n64,Derby Stallion 64 (Japan),/Nintendo_64_ROMs/Derby_Stallion_64_(Japan)/39697
n64,Derby Stallion 64 (Japan) (Beta),/Nintendo_64_ROMs/Derby_Stallion_64_(Japan)_(Beta)/39696
n64,"Destruction Derby 64 (Europe) (En,Fr,De)","/Nintendo_64_ROMs/Destruction_Derby_64_(Europe)_(En,Fr,De)/39698"
n64,Destruction Derby 64 (USA),/Nintendo_64_ROMs/Destruction_Derby_64_(USA)/39699
n64,Dezaemon 3D (Japan),/Nintendo_64_ROMs/Dezaemon_3D_(Japan)/39700
n64,"Diddy Kong Racing (Europe) (En,Fr,De)","/Nintendo_64_ROMs/Diddy_Kong_Racing_(Europe)_(En,Fr,De)/39702"
n64,"Diddy Kong Racing (Europe) (En,Fr,De) (Rev A)","/Nintendo_64_ROMs/Diddy_Kong_Racing_(Europe)_(En,Fr,De)_(Rev_A)/39701"
n64,Diddy Kong Racing (Japan),/Nintendo_64_ROMs/Diddy_Kong_Racing_(Japan)/39703
n64,"Diddy Kong Racing (USA) (En,Fr)","/Nintendo_64_ROMs/Diddy_Kong_Racing_(USA)_(En,Fr)/39705"
n64,"Diddy Kong Racing (USA) (En,Fr) (Rev A)","/Nintendo_64_ROMs/Diddy_Kong_Racing_(USA)_(En,Fr)_(Rev_A)/39704"
n64,"Donald Duck - Goin' Quackers (USA) (En,Fr,De,Es,It)","/Nintendo_64_ROMs/Donald_Duck_-_Goin'_Quackers_(USA)_(En,Fr,De,Es,It)/39706"
n64,"Donald Duck - Quack Attack (Europe) (En,Fr,De,Es,It)","/Nintendo_64_ROMs/Donald_Duck_-_Quack_Attack_(Europe)_(En,Fr,De,Es,It)/39707"
n64,Doom 64 (Europe),/Nintendo_64_ROMs/Doom_64_(Europe)/39712
n64,Doom 64 (Japan),/Nintendo_64_ROMs/Doom_64_(Japan)/39713
n64,Doom 64 (USA),/Nintendo_64_ROMs/Doom_64_(USA)/39715
n64,Doom 64 (USA) (Rev A),/Nintendo_64_ROMs/Doom_64_(USA)_(Rev_A)/39714
n64,Doraemon - Nobita to 3tsu no Seireiseki (Japan),/Nintendo_64_ROMs/Doraemon_-_Nobita_to_3tsu_no_Seireiseki_(Japan)/39718
n64,Doraemon 2 - Nobita to Hikari no Shinden (Japan),/Nintendo_64_ROMs/Doraemon_2_-_Nobita_to_Hikari_no_Shinden_(Japan)/39716
n64,Doraemon 3 - Nobita no Machi SOS! (Japan),/Nintendo_64_ROMs/Doraemon_3_-_Nobita_no_Machi_SOS!_(Japan)/39717
n64,Doubutsu no Mori (Japan),/Nintendo_64_ROMs/Doubutsu_no_Mori_(Japan)/39719
n64,Dual Heroes (Europe),/Nintendo_64_ROMs/Dual_Heroes_(Europe)/39721
n64,Dual Heroes (Japan),/Nintendo_64_ROMs/Dual_Heroes_(Japan)/39722
n64,Dual Heroes (USA),/Nintendo_64_ROMs/Dual_Heroes_(USA)/39723
n64,"Duck Dodgers Starring Daffy Duck (USA) (En,Fr,Es)","/Nintendo_64_ROMs/Duck_Dodgers_Starring_Daffy_Duck_(USA)_(En,Fr,Es)/39725"
n64,"Duck Dodgers Starring Daffy Duck (USA) (En,Fr,Es) (Beta)","/Nintendo_64_ROMs/Duck_Dodgers_Starring_Daffy_Duck_(USA)_(En,Fr,Es)_(Beta)/39724"
n64,Duke Nukem - Zero Hour (Europe),/Nintendo_64_ROMs/Duke_Nukem_-_Zero_Hour_(Europe)/39729
n64,Duke Nukem - Zero Hour (France),/Nintendo_64_ROMs/Duke_Nukem_-_Zero_Hour_(France)/39730
n64,Duke Nukem - Zero Hour (USA),/Nintendo_64_ROMs/Duke_Nukem_-_Zero_Hour_(USA)/39731
n64,Duke Nukem 64 (Europe),/Nintendo_64_ROMs/Duke_Nukem_64_(Europe)/39726
n64,Duke Nukem 64 (France),/Nintendo_64_ROMs/Duke_Nukem_64_(France)/39727
n64,Duke Nukem 64 (USA),/Nintendo_64_ROMs/Duke_Nukem_64_(USA)/39728
n64,"Earthworm Jim 3D (Europe) (En,Fr,De,Es,It)","/Nintendo_64_ROMs/Earthworm_Jim_3D_(Europe)_(En,Fr,De,Es,It)/39732"
n64,Earthworm Jim 3D (USA),/Nintendo_64_ROMs/Earthworm_Jim_3D_(USA)/39733
n64,ECW Hardcore Revolution (Europe),/Nintendo_64_ROMs/ECW_Hardcore_Revolution_(Europe)/39734
n64,ECW Hardcore Revolution (USA),/Nintendo_64_ROMs/ECW_Hardcore_Revolution_(USA)/39735
n64,Eikou no Saint Andrews (Japan),/Nintendo_64_ROMs/Eikou_no_Saint_Andrews_(Japan)/39736
n64,Elmo's Letter Adventure (USA),/Nintendo_64_ROMs/Elmo's_Letter_Adventure_(USA)/39737
n64,Elmo's Number Journey (USA),/Nintendo_64_ROMs/Elmo's_Number_Journey_(USA)/39738
n64,Eltale Monsters (Japan),/Nintendo_64_ROMs/Eltale_Monsters_(Japan)/39739
n64,Excitebike 64 (Europe),/Nintendo_64_ROMs/Excitebike_64_(Europe)/39740
n64,Excitebike 64 (Japan),/Nintendo_64_ROMs/Excitebike_64_(Japan)/39741
n64,Excitebike 64 (USA),/Nintendo_64_ROMs/Excitebike_64_(USA)/39743
n64,Excitebike 64 (USA) (Kiosk Demo),/Nintendo_64_ROMs/Excitebike_64_(USA)_(Kiosk_Demo)/39742
n64,"Extreme-G (Europe) (En,Fr,De,Es,It)","/Nintendo_64_ROMs/Extreme-G_(Europe)_(En,Fr,De,Es,It)/39744"
n64,Extreme-G (Japan),/Nintendo_64_ROMs/Extreme-G_(Japan)/39745
n64,Extreme-G (USA),/Nintendo_64_ROMs/Extreme-G_(USA)/39746
n64,"Extreme-G XG2 (Europe) (En,Fr,De,Es,It)","/Nintendo_64_ROMs/Extreme-G_XG2_(Europe)_(En,Fr,De,Es,It)/39747"
n64,Extreme-G XG2 (Japan),/Nintendo_64_ROMs/Extreme-G_XG2_(Japan)/39748
n64,Extreme-G XG2 (USA),/Nintendo_64_ROMs/Extreme-G_XG2_(USA)/39749
n64,F-1 World Grand Prix (Europe),/Nintendo_64_ROMs/F-1_World_Grand_Prix_(Europe)/39753
n64,F-1 World Grand Prix (France),/Nintendo_64_ROMs/F-1_World_Grand_Prix_(France)/39754
n64,F-1 World Grand Prix (Germany),/Nintendo_64_ROMs/F-1_World_Grand_Prix_(Germany)/39755
n64,F-1 World Grand Prix (Japan),/Nintendo_64_ROMs/F-1_World_Grand_Prix_(Japan)/39757
n64,F-1 World Grand Prix (USA),/Nintendo_64_ROMs/F-1_World_Grand_Prix_(USA)/39758
n64,"F-1 World Grand Prix II (Europe) (En,Fr,De,Es)","/Nintendo_64_ROMs/F-1_World_Grand_Prix_II_(Europe)_(En,Fr,De,Es)/39756"
n64,"F1 Pole Position 64 (Europe) (En,Fr,De)","/Nintendo_64_ROMs/F1_Pole_Position_64_(Europe)_(En,Fr,De)/39750"
n64,"F1 Pole Position 64 (USA) (En,Fr,De)","/Nintendo_64_ROMs/F1_Pole_Position_64_(USA)_(En,Fr,De)/39751"
n64,"F1 Racing Championship (Europe) (En,Fr,De,Es,It)","/Nintendo_64_ROMs/F1_Racing_Championship_(Europe)_(En,Fr,De,Es,It)/39752"
n64,Famista 64 (Japan),/Nintendo_64_ROMs/Famista_64_(Japan)/39759
n64,FIFA - Road to World Cup 98 - World Cup heno Michi (Japan),/Nintendo_64_ROMs/FIFA_-_Road_to_World_Cup_98_-_World_Cup_heno_Michi_(Japan)/39764
n64,"FIFA - Road to World Cup 98 (Europe) (En,Fr,De,Es,It,Nl,Sv)","/Nintendo_64_ROMs/FIFA_-_Road_to_World_Cup_98_(Europe)_(En,Fr,De,Es,It,Nl,Sv)/39762"
n64,"FIFA - Road to World Cup 98 (USA) (En,Fr,De,Es,It,Nl,Sv)","/Nintendo_64_ROMs/FIFA_-_Road_to_World_Cup_98_(USA)_(En,Fr,De,Es,It,Nl,Sv)/39763"
n64,"FIFA 99 (Europe) (En,Fr,De,Es,It,Nl,Pt,Sv)","/Nintendo_64_ROMs/FIFA_99_(Europe)_(En,Fr,De,Es,It,Nl,Pt,Sv)/39760"
n64,"FIFA 99 (USA) (En,Fr,De,Es,It,Nl,Pt,Sv)","/Nintendo_64_ROMs/FIFA_99_(USA)_(En,Fr,De,Es,It,Nl,Pt,Sv)/39761"
n64,"FIFA Soccer 64 (Europe) (En,Fr,De)","/Nintendo_64_ROMs/FIFA_Soccer_64_(Europe)_(En,Fr,De)/39765"
n64,"FIFA Soccer 64 (USA) (En,Fr,De)","/Nintendo_64_ROMs/FIFA_Soccer_64_(USA)_(En,Fr,De)/39766"
n64,Fighter Destiny 2 (USA),/Nintendo_64_ROMs/Fighter_Destiny_2_(USA)/39767
n64,Fighters Destiny (Europe),/Nintendo_64_ROMs/Fighters_Destiny_(Europe)/39768
n64,Fighters Destiny (France),/Nintendo_64_ROMs/Fighters_Destiny_(France)/39769
n64,Fighters Destiny (Germany),/Nintendo_64_ROMs/Fighters_Destiny_(Germany)/39770
n64,Fighters Destiny (USA),/Nintendo_64_ROMs/Fighters_Destiny_(USA)/39771
n64,Fighting Cup (Japan),/Nintendo_64_ROMs/Fighting_Cup_(Japan)/39772
n64,Fighting Force 64 (Europe),/Nintendo_64_ROMs/Fighting_Force_64_(Europe)/39773
n64,Fighting Force 64 (USA),/Nintendo_64_ROMs/Fighting_Force_64_(USA)/39774
n64,Flying Dragon (Europe),/Nintendo_64_ROMs/Flying_Dragon_(Europe)/39775
n64,Flying Dragon (USA),/Nintendo_64_ROMs/Flying_Dragon_(USA)/39776
n64,"Forsaken 64 (Europe) (En,Fr,Es,It)","/Nintendo_64_ROMs/Forsaken_64_(Europe)_(En,Fr,Es,It)/39777"
n64,Forsaken 64 (Germany),/Nintendo_64_ROMs/Forsaken_64_(Germany)/39778
n64,Forsaken 64 (USA),/Nintendo_64_ROMs/Forsaken_64_(USA)/39779
n64,Fox Sports College Hoops '99 (USA),/Nintendo_64_ROMs/Fox_Sports_College_Hoops_'99_(USA)/39780
n64,Frogger 2 (USA) (Rev A) (Alpha),/Nintendo_64_ROMs/Frogger_2_(USA)_(Rev_A)_(Alpha)/39781
n64,Fushigi no Dungeon Fuurai no Shiren 2 - Oni Shuurai! Shiren Jou! (Japan),/Nintendo_64_ROMs/Fushigi_no_Dungeon_Fuurai_no_Shiren_2_-_Oni_Shuurai!_Shiren_Jou!_(Japan)/39782
n64,G.A.S.P!! Fighters' NEXTream (Europe),/Nintendo_64_ROMs/G.A.S.P!!_Fighters'_NEXTream_(Europe)/39789
n64,G.A.S.P!! Fighters' NEXTream (Japan),/Nintendo_64_ROMs/G.A.S.P!!_Fighters'_NEXTream_(Japan)/39790
n64,Ganbare Goemon - Dero Dero Douchuu Obake Tenkomori (Japan),/Nintendo_64_ROMs/Ganbare_Goemon_-_Dero_Dero_Douchuu_Obake_Tenkomori_(Japan)/39786
n64,Ganbare Goemon - Neo Momoyama Bakufu no Odori (Japan),/Nintendo_64_ROMs/Ganbare_Goemon_-_Neo_Momoyama_Bakufu_no_Odori_(Japan)/39787
n64,Ganbare! Nippon! Olympics 2000 (Japan),/Nintendo_64_ROMs/Ganbare!_Nippon!_Olympics_2000_(Japan)/39788
n64,Gauntlet Legends (Europe),/Nintendo_64_ROMs/Gauntlet_Legends_(Europe)/39791
n64,Gauntlet Legends (Japan),/Nintendo_64_ROMs/Gauntlet_Legends_(Japan)/39792
n64,Gauntlet Legends (USA),/Nintendo_64_ROMs/Gauntlet_Legends_(USA)/39793
n64,Getter Love!! Cho Renai Party Game (Japan),/Nintendo_64_ROMs/Getter_Love!!_Cho_Renai_Party_Game_(Japan)/39794
n64,"Gex 3 - Deep Cover Gecko (Europe) (En,Es,It)","/Nintendo_64_ROMs/Gex_3_-_Deep_Cover_Gecko_(Europe)_(En,Es,It)/39795"
n64,"Gex 3 - Deep Cover Gecko (Europe) (Fr,De)","/Nintendo_64_ROMs/Gex_3_-_Deep_Cover_Gecko_(Europe)_(Fr,De)/39796"
n64,Gex 3 - Deep Cover Gecko (USA),/Nintendo_64_ROMs/Gex_3_-_Deep_Cover_Gecko_(USA)/39797
n64,Gex 64 - Enter the Gecko (Europe),/Nintendo_64_ROMs/Gex_64_-_Enter_the_Gecko_(Europe)/39798
n64,Gex 64 - Enter the Gecko (USA),/Nintendo_64_ROMs/Gex_64_-_Enter_the_Gecko_(USA)/39799
n64,"Glover (Europe) (En,Fr,De)","/Nintendo_64_ROMs/Glover_(Europe)_(En,Fr,De)/39800"
n64,Glover (USA),/Nintendo_64_ROMs/Glover_(USA)/39801
n64,Goemon - Mononoke Sugoroku (Japan),/Nintendo_64_ROMs/Goemon_-_Mononoke_Sugoroku_(Japan)/39802
n64,Goemon's Great Adventure (USA),/Nintendo_64_ROMs/Goemon's_Great_Adventure_(USA)/39803
n64,Golden Nugget 64 (USA),/Nintendo_64_ROMs/Golden_Nugget_64_(USA)/39804
n64,"GT64 - Championship Edition (Europe) (En,Fr,De)","/Nintendo_64_ROMs/GT64_-_Championship_Edition_(Europe)_(En,Fr,De)/39805"
n64,GT64 - Championship Edition (USA),/Nintendo_64_ROMs/GT64_-_Championship_Edition_(USA)/39806
n64,Hamster Monogatari 64 (Japan),/Nintendo_64_ROMs/Hamster_Monogatari_64_(Japan)/39807
n64,Harukanaru Augusta - Masters '98 (Japan),/Nintendo_64_ROMs/Harukanaru_Augusta_-_Masters_'98_(Japan)/39808
n64,Harvest Moon 64 (USA),/Nintendo_64_ROMs/Harvest_Moon_64_(USA)/39809
n64,Heiwa Pachinko World 64 (Japan),/Nintendo_64_ROMs/Heiwa_Pachinko_World_64_(Japan)/39810
n64,"Hercules - The Legendary Journeys (Europe) (En,Fr,De,Es,It,Nl)","/Nintendo_64_ROMs/Hercules_-_The_Legendary_Journeys_(Europe)_(En,Fr,De,Es,It,Nl)/39811"
n64,Hercules - The Legendary Journeys (USA),/Nintendo_64_ROMs/Hercules_-_The_Legendary_Journeys_(USA)/39812
n64,Hexen (Europe),/Nintendo_64_ROMs/Hexen_(Europe)/39813
n64,Hexen (France),/Nintendo_64_ROMs/Hexen_(France)/39814
n64,Hexen (Germany),/Nintendo_64_ROMs/Hexen_(Germany)/39815
n64,Hexen (Japan),/Nintendo_64_ROMs/Hexen_(Japan)/39816
n64,Hexen (USA),/Nintendo_64_ROMs/Hexen_(USA)/39817
n64,"Hey You, Pikachu! (USA)","/Nintendo_64_ROMs/Hey_You,_Pikachu!_(USA)/39818"
n64,Hiryuu no Ken Twin (Japan),/Nintendo_64_ROMs/Hiryuu_no_Ken_Twin_(Japan)/39819
n64,Holy Magic Century (Europe),/Nintendo_64_ROMs/Holy_Magic_Century_(Europe)/39820
n64,Holy Magic Century (France),/Nintendo_64_ROMs/Holy_Magic_Century_(France)/39821
n64,Holy Magic Century (Germany),/Nintendo_64_ROMs/Holy_Magic_Century_(Germany)/39822
n64,"Hot Wheels - Turbo Racing (Europe) (En,Fr,De)","/Nintendo_64_ROMs/Hot_Wheels_-_Turbo_Racing_(Europe)_(En,Fr,De)/39827"
n64,Hot Wheels - Turbo Racing (USA),/Nintendo_64_ROMs/Hot_Wheels_-_Turbo_Racing_(USA)/39828
n64,HSV Adventure Racing! (Australia),/Nintendo_64_ROMs/HSV_Adventure_Racing!_(Australia)/39829
n64,Human Grand Prix - The New Generation (Japan),/Nintendo_64_ROMs/Human_Grand_Prix_-_The_New_Generation_(Japan)/39830
n64,"Hybrid Heaven (Europe) (En,Fr,De)","/Nintendo_64_ROMs/Hybrid_Heaven_(Europe)_(En,Fr,De)/39831"
n64,Hybrid Heaven (Japan),/Nintendo_64_ROMs/Hybrid_Heaven_(Japan)/39832
n64,Hybrid Heaven (USA),/Nintendo_64_ROMs/Hybrid_Heaven_(USA)/39833
n64,Hydro Thunder (Europe),/Nintendo_64_ROMs/Hydro_Thunder_(Europe)/39834
n64,Hydro Thunder (France),/Nintendo_64_ROMs/Hydro_Thunder_(France)/39835
n64,Hydro Thunder (USA),/Nintendo_64_ROMs/Hydro_Thunder_(USA)/39836
n64,Hyper Olympics in Nagano 64 (Japan),/Nintendo_64_ROMs/Hyper_Olympics_in_Nagano_64_(Japan)/39837
n64,Ide Yosuke no Mahjong Juku (Japan),/Nintendo_64_ROMs/Ide_Yosuke_no_Mahjong_Juku_(Japan)/39838
n64,Iggy-kun no Bura Bura Poyon (Japan),/Nintendo_64_ROMs/Iggy-kun_no_Bura_Bura_Poyon_(Japan)/39839
n64,Iggy's Reckin' Balls (Europe),/Nintendo_64_ROMs/Iggy's_Reckin'_Balls_(Europe)/39840
n64,Iggy's Reckin' Balls (USA),/Nintendo_64_ROMs/Iggy's_Reckin'_Balls_(USA)/39841
n64,In-Fisherman - Bass Hunter 64 (Europe),/Nintendo_64_ROMs/In-Fisherman_-_Bass_Hunter_64_(Europe)/39844
n64,In-Fisherman - Bass Hunter 64 (USA),/Nintendo_64_ROMs/In-Fisherman_-_Bass_Hunter_64_(USA)/39845
n64,Indiana Jones and the Infernal Machine (USA),/Nintendo_64_ROMs/Indiana_Jones_and_the_Infernal_Machine_(USA)/39842
n64,Indy Racing 2000 (USA),/Nintendo_64_ROMs/Indy_Racing_2000_(USA)/39843
n64,International Superstar Soccer '98 (Europe),/Nintendo_64_ROMs/International_Superstar_Soccer_'98_(Europe)/39851
n64,International Superstar Soccer '98 (USA),/Nintendo_64_ROMs/International_Superstar_Soccer_'98_(USA)/39852
n64,"International Superstar Soccer 2000 (Europe) (En,De)","/Nintendo_64_ROMs/International_Superstar_Soccer_2000_(Europe)_(En,De)/39846"
n64,"International Superstar Soccer 2000 (Europe) (Fr,It)","/Nintendo_64_ROMs/International_Superstar_Soccer_2000_(Europe)_(Fr,It)/39847"
n64,"International Superstar Soccer 2000 (USA) (En,Es)","/Nintendo_64_ROMs/International_Superstar_Soccer_2000_(USA)_(En,Es)/39848"
n64,International Superstar Soccer 64 (Europe),/Nintendo_64_ROMs/International_Superstar_Soccer_64_(Europe)/39849
n64,International Superstar Soccer 64 (USA),/Nintendo_64_ROMs/International_Superstar_Soccer_64_(USA)/39850
n64,"International Track & Field - Summer Games (Europe) (En,Fr,De)","/Nintendo_64_ROMs/International_Track_&_Field_-_Summer_Games_(Europe)_(En,Fr,De)/39854"
n64,International Track & Field 2000 (USA),/Nintendo_64_ROMs/International_Track_&_Field_2000_(USA)/39853
n64,Itoi Shigesato no Bass Tsuri No. 1 Kettei Ban! (Japan),/Nintendo_64_ROMs/Itoi_Shigesato_no_Bass_Tsuri_No._1_Kettei_Ban!_(Japan)/39855
n64,J.League Dynamite Soccer 64 (Japan),/Nintendo_64_ROMs/J.League_Dynamite_Soccer_64_(Japan)/39880
n64,J.League Eleven Beat 1997 (Japan),/Nintendo_64_ROMs/J.League_Eleven_Beat_1997_(Japan)/39881
n64,J.League Live 64 (Japan),/Nintendo_64_ROMs/J.League_Live_64_(Japan)/39882
n64,J.League Tactics Soccer (Japan),/Nintendo_64_ROMs/J.League_Tactics_Soccer_(Japan)/39884
n64,J.League Tactics Soccer (Japan) (Rev A),/Nintendo_64_ROMs/J.League_Tactics_Soccer_(Japan)_(Rev_A)/39883
n64,Jangou Simulation Mahjong Dou 64 (Japan),/Nintendo_64_ROMs/Jangou_Simulation_Mahjong_Dou_64_(Japan)/39856
n64,Jeopardy! (USA),/Nintendo_64_ROMs/Jeopardy!_(USA)/39857
n64,Jeremy McGrath Supercross 2000 (Europe),/Nintendo_64_ROMs/Jeremy_McGrath_Supercross_2000_(Europe)/39858
n64,Jeremy McGrath Supercross 2000 (USA),/Nintendo_64_ROMs/Jeremy_McGrath_Supercross_2000_(USA)/39859
n64,"Jet Force Gemini (Europe) (En,Fr,De,Es)","/Nintendo_64_ROMs/Jet_Force_Gemini_(Europe)_(En,Fr,De,Es)/39860"
n64,Jet Force Gemini (USA),/Nintendo_64_ROMs/Jet_Force_Gemini_(USA)/39862
n64,Jet Force Gemini (USA) (Kiosk Demo),/Nintendo_64_ROMs/Jet_Force_Gemini_(USA)_(Kiosk_Demo)/39861
n64,Jikkyou G1 Stable (Japan),/Nintendo_64_ROMs/Jikkyou_G1_Stable_(Japan)/39863
n64,Jikkyou J.League 1999 - Perfect Striker 2 (Japan),/Nintendo_64_ROMs/Jikkyou_J.League_1999_-_Perfect_Striker_2_(Japan)/39864
n64,Jikkyou J.League Perfect Striker (Japan),/Nintendo_64_ROMs/Jikkyou_J.League_Perfect_Striker_(Japan)/39865
n64,Jikkyou Powerful Pro Yakyuu 2000 (Japan),/Nintendo_64_ROMs/Jikkyou_Powerful_Pro_Yakyuu_2000_(Japan)/39867
n64,Jikkyou Powerful Pro Yakyuu 2000 (Japan) (Rev A),/Nintendo_64_ROMs/Jikkyou_Powerful_Pro_Yakyuu_2000_(Japan)_(Rev_A)/39866
n64,Jikkyou Powerful Pro Yakyuu 4 (Japan),/Nintendo_64_ROMs/Jikkyou_Powerful_Pro_Yakyuu_4_(Japan)/39869
n64,Jikkyou Powerful Pro Yakyuu 4 (Japan) (Rev A),/Nintendo_64_ROMs/Jikkyou_Powerful_Pro_Yakyuu_4_(Japan)_(Rev_A)/39868
n64,Jikkyou Powerful Pro Yakyuu 5 (Japan),/Nintendo_64_ROMs/Jikkyou_Powerful_Pro_Yakyuu_5_(Japan)/39871
n64,Jikkyou Powerful Pro Yakyuu 5 (Japan) (Rev B),/Nintendo_64_ROMs/Jikkyou_Powerful_Pro_Yakyuu_5_(Japan)_(Rev_B)/39870
n64,Jikkyou Powerful Pro Yakyuu 6 (Japan),/Nintendo_64_ROMs/Jikkyou_Powerful_Pro_Yakyuu_6_(Japan)/39872
n64,Jikkyou Powerful Pro Yakyuu Basic Ban 2001 (Japan),/Nintendo_64_ROMs/Jikkyou_Powerful_Pro_Yakyuu_Basic_Ban_2001_(Japan)/39873
n64,Jikkyou World Soccer - World Cup France '98 (Japan),/Nintendo_64_ROMs/Jikkyou_World_Soccer_-_World_Cup_France_'98_(Japan)/39877
n64,Jikkyou World Soccer - World Cup France '98 (Japan) (Rev A),/Nintendo_64_ROMs/Jikkyou_World_Soccer_-_World_Cup_France_'98_(Japan)_(Rev_A)/39875
n64,Jikkyou World Soccer - World Cup France '98 (Japan) (Rev B),/Nintendo_64_ROMs/Jikkyou_World_Soccer_-_World_Cup_France_'98_(Japan)_(Rev_B)/39876
n64,Jikkyou World Soccer 3 (Japan),/Nintendo_64_ROMs/Jikkyou_World_Soccer_3_(Japan)/39874
n64,Jikuu Senshi Turok (Japan),/Nintendo_64_ROMs/Jikuu_Senshi_Turok_(Japan)/39878
n64,Jinsei Game 64 (Japan),/Nintendo_64_ROMs/Jinsei_Game_64_(Japan)/39879
n64,"John Romero's Daikatana (Europe) (En,Fr,De)","/Nintendo_64_ROMs/John_Romero's_Daikatana_(Europe)_(En,Fr,De)/39885"
n64,John Romero's Daikatana (Japan),/Nintendo_64_ROMs/John_Romero's_Daikatana_(Japan)/39886
n64,John Romero's Daikatana (USA),/Nintendo_64_ROMs/John_Romero's_Daikatana_(USA)/39887
n64,Kakutou Denshou - F-Cup Maniax (Japan),/Nintendo_64_ROMs/Kakutou_Denshou_-_F-Cup_Maniax_(Japan)/39888
n64,Ken Griffey Jr.'s Slugfest (USA),/Nintendo_64_ROMs/Ken_Griffey_Jr.'s_Slugfest_(USA)/39889
n64,Killer Instinct Gold (Europe),/Nintendo_64_ROMs/Killer_Instinct_Gold_(Europe)/39890
n64,Killer Instinct Gold (USA),/Nintendo_64_ROMs/Killer_Instinct_Gold_(USA)/39893
n64,Killer Instinct Gold (USA) (Rev A),/Nintendo_64_ROMs/Killer_Instinct_Gold_(USA)_(Rev_A)/39891
n64,Killer Instinct Gold (USA) (Rev B),/Nintendo_64_ROMs/Killer_Instinct_Gold_(USA)_(Rev_B)/39892
n64,King Hill 64 - Extreme Snowboarding (Japan),/Nintendo_64_ROMs/King_Hill_64_-_Extreme_Snowboarding_(Japan)/39894
n64,Kiratto Kaiketsu! 64 Tanteidan (Japan),/Nintendo_64_ROMs/Kiratto_Kaiketsu!_64_Tanteidan_(Japan)/39895
n64,Knife Edge - Nose Gunner (Europe),/Nintendo_64_ROMs/Knife_Edge_-_Nose_Gunner_(Europe)/39898
n64,Knife Edge - Nose Gunner (Japan),/Nintendo_64_ROMs/Knife_Edge_-_Nose_Gunner_(Japan)/39899
n64,Knife Edge - Nose Gunner (USA),/Nintendo_64_ROMs/Knife_Edge_-_Nose_Gunner_(USA)/39900
n64,Knockout Kings 2000 (Europe),/Nintendo_64_ROMs/Knockout_Kings_2000_(Europe)/39901
n64,Knockout Kings 2000 (USA),/Nintendo_64_ROMs/Knockout_Kings_2000_(USA)/39902
n64,Kobe Bryant in NBA Courtside (Europe),/Nintendo_64_ROMs/Kobe_Bryant_in_NBA_Courtside_(Europe)/39903
n64,Kobe Bryant's NBA Courtside (USA),/Nintendo_64_ROMs/Kobe_Bryant's_NBA_Courtside_(USA)/39904
n64,Last Legion UX (Japan),/Nintendo_64_ROMs/Last_Legion_UX_(Japan)/39905
n64,"LEGO Racers (Europe) (En,Fr,De,Es,It,Nl,Sv,No,Da,Fi)","/Nintendo_64_ROMs/LEGO_Racers_(Europe)_(En,Fr,De,Es,It,Nl,Sv,No,Da,Fi)/39916"
n64,"LEGO Racers (USA) (En,Fr,De,Es,It,Nl,Sv,No,Da,Fi)","/Nintendo_64_ROMs/LEGO_Racers_(USA)_(En,Fr,De,Es,It,Nl,Sv,No,Da,Fi)/39917"
n64,Let's Smash (Japan),/Nintendo_64_ROMs/Let's_Smash_(Japan)/39918
n64,"Lode Runner 3-D (Europe) (En,Fr,De,Es,It)","/Nintendo_64_ROMs/Lode_Runner_3-D_(Europe)_(En,Fr,De,Es,It)/39919"
n64,Lode Runner 3-D (Japan),/Nintendo_64_ROMs/Lode_Runner_3-D_(Japan)/39920
n64,Lode Runner 3-D (USA),/Nintendo_64_ROMs/Lode_Runner_3-D_(USA)/39921
n64,Mace - The Dark Age (Europe),/Nintendo_64_ROMs/Mace_-_The_Dark_Age_(Europe)/39924
n64,Mace - The Dark Age (USA),/Nintendo_64_ROMs/Mace_-_The_Dark_Age_(USA)/39925
n64,Madden Football 64 (Europe),/Nintendo_64_ROMs/Madden_Football_64_(Europe)/39926
n64,Madden Football 64 (USA),/Nintendo_64_ROMs/Madden_Football_64_(USA)/39927
n64,Madden NFL 2000 (USA),/Nintendo_64_ROMs/Madden_NFL_2000_(USA)/39928
n64,Madden NFL 2001 (USA),/Nintendo_64_ROMs/Madden_NFL_2001_(USA)/39929
n64,Madden NFL 2002 (USA),/Nintendo_64_ROMs/Madden_NFL_2002_(USA)/39930
n64,Madden NFL 99 (Europe),/Nintendo_64_ROMs/Madden_NFL_99_(Europe)/39931
n64,Madden NFL 99 (USA),/Nintendo_64_ROMs/Madden_NFL_99_(USA)/39932
n64,Magical Tetris Challenge (Europe),/Nintendo_64_ROMs/Magical_Tetris_Challenge_(Europe)/39933
n64,Magical Tetris Challenge (Germany),/Nintendo_64_ROMs/Magical_Tetris_Challenge_(Germany)/39935
n64,Magical Tetris Challenge (USA),/Nintendo_64_ROMs/Magical_Tetris_Challenge_(USA)/39936
n64,Magical Tetris Challenge featuring Mickey (Japan),/Nintendo_64_ROMs/Magical_Tetris_Challenge_featuring_Mickey_(Japan)/39934
n64,Mahjong 64 (Japan),/Nintendo_64_ROMs/Mahjong_64_(Japan)/39937
n64,Mahjong Hourouki Classic (Japan),/Nintendo_64_ROMs/Mahjong_Hourouki_Classic_(Japan)/39938
n64,Mahjong Master (Japan),/Nintendo_64_ROMs/Mahjong_Master_(Japan)/39939
n64,Major League Baseball featuring Ken Griffey Jr. (Europe),/Nintendo_64_ROMs/Major_League_Baseball_featuring_Ken_Griffey_Jr._(Europe)/39940
n64,Major League Baseball featuring Ken Griffey Jr. (USA),/Nintendo_64_ROMs/Major_League_Baseball_featuring_Ken_Griffey_Jr._(USA)/39941
n64,Mega Man 64 (USA),/Nintendo_64_ROMs/Mega_Man_64_(USA)/39964
n64,"Mia Hamm Soccer 64 (USA) (En,Es)","/Nintendo_64_ROMs/Mia_Hamm_Soccer_64_(USA)_(En,Es)/39965"
n64,Michael Owen's World League Soccer 2000 (Europe),/Nintendo_64_ROMs/Michael_Owen's_World_League_Soccer_2000_(Europe)/39966
n64,Mickey no Racing Challenge USA (Japan),/Nintendo_64_ROMs/Mickey_no_Racing_Challenge_USA_(Japan)/39967
n64,"Mickey's Speedway USA (Europe) (En,Fr,De,Es,It)","/Nintendo_64_ROMs/Mickey's_Speedway_USA_(Europe)_(En,Fr,De,Es,It)/39968"
n64,Mickey's Speedway USA (USA),/Nintendo_64_ROMs/Mickey's_Speedway_USA_(USA)/39969
n64,"Micro Machines 64 Turbo (Europe) (En,Fr,De,Es,It)","/Nintendo_64_ROMs/Micro_Machines_64_Turbo_(Europe)_(En,Fr,De,Es,It)/39970"
n64,Micro Machines 64 Turbo (USA),/Nintendo_64_ROMs/Micro_Machines_64_Turbo_(USA)/39971
n64,Midway's Greatest Arcade Hits Vol. 1 (USA),/Nintendo_64_ROMs/Midway's_Greatest_Arcade_Hits_Vol._1_(USA)/39972
n64,Mike Piazza's StrikeZone (USA),/Nintendo_64_ROMs/Mike_Piazza's_StrikeZone_(USA)/39973
n64,Milo's Astro Lanes (Europe),/Nintendo_64_ROMs/Milo's_Astro_Lanes_(Europe)/39974
n64,Milo's Astro Lanes (USA),/Nintendo_64_ROMs/Milo's_Astro_Lanes_(USA)/39975
n64,Mischief Makers (Europe),/Nintendo_64_ROMs/Mischief_Makers_(Europe)/39976
n64,Mischief Makers (USA),/Nintendo_64_ROMs/Mischief_Makers_(USA)/39977
n64,Mission Impossible (Europe),/Nintendo_64_ROMs/Mission_Impossible_(Europe)/39978
n64,Mission Impossible (France),/Nintendo_64_ROMs/Mission_Impossible_(France)/39979
n64,Mission Impossible (Germany),/Nintendo_64_ROMs/Mission_Impossible_(Germany)/39980
n64,Mission Impossible (Italy),/Nintendo_64_ROMs/Mission_Impossible_(Italy)/39981
n64,Mission Impossible (Spain),/Nintendo_64_ROMs/Mission_Impossible_(Spain)/39982
n64,Mission Impossible (USA),/Nintendo_64_ROMs/Mission_Impossible_(USA)/39983
n64,"Monaco Grand Prix - Racing Simulation 2 (Europe) (En,Fr,Es,It)","/Nintendo_64_ROMs/Monaco_Grand_Prix_-_Racing_Simulation_2_(Europe)_(En,Fr,Es,It)/39984"
n64,Monaco Grand Prix (USA),/Nintendo_64_ROMs/Monaco_Grand_Prix_(USA)/39985
n64,Monopoly (USA),/Nintendo_64_ROMs/Monopoly_(USA)/39986
n64,"Monster Truck Madness 64 (Europe) (En,Fr,De,Es,It)","/Nintendo_64_ROMs/Monster_Truck_Madness_64_(Europe)_(En,Fr,De,Es,It)/39987"
n64,Monster Truck Madness 64 (USA),/Nintendo_64_ROMs/Monster_Truck_Madness_64_(USA)/39988
n64,Morita Shougi 64 (Japan),/Nintendo_64_ROMs/Morita_Shougi_64_(Japan)/39989
n64,Mortal Kombat 4 (Europe),/Nintendo_64_ROMs/Mortal_Kombat_4_(Europe)/39990
n64,Mortal Kombat 4 (USA),/Nintendo_64_ROMs/Mortal_Kombat_4_(USA)/39991
n64,Mortal Kombat Mythologies - Sub-Zero (Europe),/Nintendo_64_ROMs/Mortal_Kombat_Mythologies_-_Sub-Zero_(Europe)/39992
n64,Mortal Kombat Mythologies - Sub-Zero (USA),/Nintendo_64_ROMs/Mortal_Kombat_Mythologies_-_Sub-Zero_(USA)/39993
n64,Mortal Kombat Trilogy (Europe),/Nintendo_64_ROMs/Mortal_Kombat_Trilogy_(Europe)/39994
n64,Mortal Kombat Trilogy (USA),/Nintendo_64_ROMs/Mortal_Kombat_Trilogy_(USA)/39996
n64,Mortal Kombat Trilogy (USA) (Rev B),/Nintendo_64_ROMs/Mortal_Kombat_Trilogy_(USA)_(Rev_B)/39995
n64,"MRC - Multi Racing Championship (Europe) (En,Fr,De)","/Nintendo_64_ROMs/MRC_-_Multi_Racing_Championship_(Europe)_(En,Fr,De)/39997"
n64,MRC - Multi Racing Championship (Japan),/Nintendo_64_ROMs/MRC_-_Multi_Racing_Championship_(Japan)/39998
n64,MRC - Multi Racing Championship (USA),/Nintendo_64_ROMs/MRC_-_Multi_Racing_Championship_(USA)/39999
n64,Ms. Pac-Man - Maze Madness (USA),/Nintendo_64_ROMs/Ms._Pac-Man_-_Maze_Madness_(USA)/40000
n64,"Mystical Ninja 2 Starring Goemon (Europe) (En,Fr,De)","/Nintendo_64_ROMs/Mystical_Ninja_2_Starring_Goemon_(Europe)_(En,Fr,De)/40001"
n64,Mystical Ninja Starring Goemon (Europe),/Nintendo_64_ROMs/Mystical_Ninja_Starring_Goemon_(Europe)/40002
n64,Mystical Ninja Starring Goemon (USA),/Nintendo_64_ROMs/Mystical_Ninja_Starring_Goemon_(USA)/40003
n64,Nagano Winter Olympics '98 (Europe),/Nintendo_64_ROMs/Nagano_Winter_Olympics_'98_(Europe)/40004
n64,Nagano Winter Olympics '98 (USA),/Nintendo_64_ROMs/Nagano_Winter_Olympics_'98_(USA)/40005
n64,Namco Museum 64 (USA),/Nintendo_64_ROMs/Namco_Museum_64_(USA)/40006
n64,NASCAR 2000 (USA),/Nintendo_64_ROMs/NASCAR_2000_(USA)/40007
n64,"NASCAR 99 (Europe) (En,Fr,De)","/Nintendo_64_ROMs/NASCAR_99_(Europe)_(En,Fr,De)/40008"
n64,NASCAR 99 (USA),/Nintendo_64_ROMs/NASCAR_99_(USA)/40009
n64,NBA Courtside 2 featuring Kobe Bryant (USA),/Nintendo_64_ROMs/NBA_Courtside_2_featuring_Kobe_Bryant_(USA)/40010
n64,NBA Hangtime (Europe),/Nintendo_64_ROMs/NBA_Hangtime_(Europe)/40011
n64,NBA Hangtime (USA),/Nintendo_64_ROMs/NBA_Hangtime_(USA)/40012
n64,NBA in the Zone '98 (Japan),/Nintendo_64_ROMs/NBA_in_the_Zone_'98_(Japan)/40016
n64,NBA in the Zone '98 (USA),/Nintendo_64_ROMs/NBA_in_the_Zone_'98_(USA)/40017
n64,NBA in the Zone '99 (USA),/Nintendo_64_ROMs/NBA_in_the_Zone_'99_(USA)/40018
n64,NBA in the Zone 2 (Japan),/Nintendo_64_ROMs/NBA_in_the_Zone_2_(Japan)/40015
n64,NBA in the Zone 2000 (Europe),/Nintendo_64_ROMs/NBA_in_the_Zone_2000_(Europe)/40013
n64,NBA in the Zone 2000 (USA),/Nintendo_64_ROMs/NBA_in_the_Zone_2000_(USA)/40014
n64,NBA Jam 2000 (Europe),/Nintendo_64_ROMs/NBA_Jam_2000_(Europe)/40019
n64,NBA Jam 2000 (USA),/Nintendo_64_ROMs/NBA_Jam_2000_(USA)/40020
n64,NBA Jam 99 (Europe),/Nintendo_64_ROMs/NBA_Jam_99_(Europe)/40021
n64,NBA Jam 99 (USA),/Nintendo_64_ROMs/NBA_Jam_99_(USA)/40022
n64,"NBA Live 2000 (Europe) (En,Fr,De,Es)","/Nintendo_64_ROMs/NBA_Live_2000_(Europe)_(En,Fr,De,Es)/40023"
n64,"NBA Live 2000 (USA) (En,Fr,De,Es)","/Nintendo_64_ROMs/NBA_Live_2000_(USA)_(En,Fr,De,Es)/40024"
n64,"NBA Live 99 (Europe) (En,Fr,De,Es,It)","/Nintendo_64_ROMs/NBA_Live_99_(Europe)_(En,Fr,De,Es,It)/40025"
n64,"NBA Live 99 (USA) (En,Fr,De,Es,It)","/Nintendo_64_ROMs/NBA_Live_99_(USA)_(En,Fr,De,Es,It)/40026"
n64,NBA Pro 98 (Europe),/Nintendo_64_ROMs/NBA_Pro_98_(Europe)/40027
n64,NBA Pro 99 (Europe),/Nintendo_64_ROMs/NBA_Pro_99_(Europe)/40028
n64,NBA Showtime - NBA on NBC (USA),/Nintendo_64_ROMs/NBA_Showtime_-_NBA_on_NBC_(USA)/40029
n64,Neon Genesis Evangelion (Japan),/Nintendo_64_ROMs/Neon_Genesis_Evangelion_(Japan)/40030
n64,"New Tetris, The (Europe)","/Nintendo_64_ROMs/New_Tetris,_The_(Europe)/40031"
n64,"New Tetris, The (USA)","/Nintendo_64_ROMs/New_Tetris,_The_(USA)/40032"
n64,NFL Blitz - Special Edition (USA),/Nintendo_64_ROMs/NFL_Blitz_-_Special_Edition_(USA)/40035
n64,NFL Blitz (USA),/Nintendo_64_ROMs/NFL_Blitz_(USA)/40036
n64,NFL Blitz 2000 (USA),/Nintendo_64_ROMs/NFL_Blitz_2000_(USA)/40033
n64,NFL Blitz 2001 (USA),/Nintendo_64_ROMs/NFL_Blitz_2001_(USA)/40034
n64,NFL Quarterback Club 2000 (Europe),/Nintendo_64_ROMs/NFL_Quarterback_Club_2000_(Europe)/40037
n64,NFL Quarterback Club 2000 (USA),/Nintendo_64_ROMs/NFL_Quarterback_Club_2000_(USA)/40038
n64,NFL Quarterback Club 2001 (USA),/Nintendo_64_ROMs/NFL_Quarterback_Club_2001_(USA)/40039
n64,NFL Quarterback Club 98 (Europe),/Nintendo_64_ROMs/NFL_Quarterback_Club_98_(Europe)/40040
n64,NFL Quarterback Club 98 (USA),/Nintendo_64_ROMs/NFL_Quarterback_Club_98_(USA)/40041
n64,NFL Quarterback Club 99 (Europe),/Nintendo_64_ROMs/NFL_Quarterback_Club_99_(Europe)/40042
n64,NFL Quarterback Club 99 (USA),/Nintendo_64_ROMs/NFL_Quarterback_Club_99_(USA)/40043
n64,"NHL 99 (Europe) (En,De,Sv,Fi)","/Nintendo_64_ROMs/NHL_99_(Europe)_(En,De,Sv,Fi)/40044"
n64,NHL 99 (USA),/Nintendo_64_ROMs/NHL_99_(USA)/40045
n64,NHL Blades of Steel '99 (USA),/Nintendo_64_ROMs/NHL_Blades_of_Steel_'99_(USA)/40046
n64,NHL Breakaway 98 (Europe),/Nintendo_64_ROMs/NHL_Breakaway_98_(Europe)/40047
n64,NHL Breakaway 98 (USA),/Nintendo_64_ROMs/NHL_Breakaway_98_(USA)/40048
n64,NHL Breakaway 99 (Europe),/Nintendo_64_ROMs/NHL_Breakaway_99_(Europe)/40049
n64,NHL Breakaway 99 (USA),/Nintendo_64_ROMs/NHL_Breakaway_99_(USA)/40050
n64,NHL Pro 99 (Europe),/Nintendo_64_ROMs/NHL_Pro_99_(Europe)/40051
n64,Nightmare Creatures (USA),/Nintendo_64_ROMs/Nightmare_Creatures_(USA)/40052
n64,Nintama Rantarou 64 Game Gallery (Japan),/Nintendo_64_ROMs/Nintama_Rantarou_64_Game_Gallery_(Japan)/40053
n64,Nintendo 64 Box + Cart,/Nintendo_64_ROMs/Nintendo_64_Box_+_Cart/40054
n64,Nintendo All-Star! Dairantou Smash Brothers (Japan),/Nintendo_64_ROMs/Nintendo_All-Star!_Dairantou_Smash_Brothers_(Japan)/40055
n64,No-Intro 20060522 Nintendo 64 Screenshots,/Nintendo_64_ROMs/No-Intro_20060522_Nintendo_64_Screenshots/40056
n64,"Nuclear Strike 64 (Europe) (En,Fr)","/Nintendo_64_ROMs/Nuclear_Strike_64_(Europe)_(En,Fr)/40057"
n64,Nuclear Strike 64 (Germany),/Nintendo_64_ROMs/Nuclear_Strike_64_(Germany)/40058
n64,Nuclear Strike 64 (USA),/Nintendo_64_ROMs/Nuclear_Strike_64_(USA)/40059
n64,Nushi Zuri 64 - Shiokaze ni Notte (Japan),/Nintendo_64_ROMs/Nushi_Zuri_64_-_Shiokaze_ni_Notte_(Japan)/40062
n64,Nushi Zuri 64 (Japan),/Nintendo_64_ROMs/Nushi_Zuri_64_(Japan)/40061
n64,Nushi Zuri 64 (Japan) (Rev A),/Nintendo_64_ROMs/Nushi_Zuri_64_(Japan)_(Rev_A)/40060
n64,"O.D.T. (Europe) (En,Fr,De,Es,It) (Proto)","/Nintendo_64_ROMs/O.D.T._(Europe)_(En,Fr,De,Es,It)_(Proto)/40063"
n64,"O.D.T. (USA) (En,Fr,Es) (Proto)","/Nintendo_64_ROMs/O.D.T._(USA)_(En,Fr,Es)_(Proto)/40064"
n64,Off Road Challenge (Europe),/Nintendo_64_ROMs/Off_Road_Challenge_(Europe)/40065
n64,Off Road Challenge (USA),/Nintendo_64_ROMs/Off_Road_Challenge_(USA)/40066
n64,Ogre Battle 64 - Person of Lordly Caliber (Japan) (Rev A),/Nintendo_64_ROMs/Ogre_Battle_64_-_Person_of_Lordly_Caliber_(Japan)_(Rev_A)/40067
n64,Ogre Battle 64 - Person of Lordly Caliber (USA),/Nintendo_64_ROMs/Ogre_Battle_64_-_Person_of_Lordly_Caliber_(USA)/40068
n64,"Olympic Hockey Nagano '98 (Europe) (En,Fr,De,Es)","/Nintendo_64_ROMs/Olympic_Hockey_Nagano_'98_(Europe)_(En,Fr,De,Es)/40069"
n64,Olympic Hockey Nagano '98 (Japan),/Nintendo_64_ROMs/Olympic_Hockey_Nagano_'98_(Japan)/40070
n64,Olympic Hockey Nagano '98 (USA),/Nintendo_64_ROMs/Olympic_Hockey_Nagano_'98_(USA)/40071
n64,Onegai Monsters (Japan),/Nintendo_64_ROMs/Onegai_Monsters_(Japan)/40072
n64,"Operation WinBack (Europe) (En,Fr,De,Es,It)","/Nintendo_64_ROMs/Operation_WinBack_(Europe)_(En,Fr,De,Es,It)/40073"
n64,Pachinko 365 Nichi (Japan),/Nintendo_64_ROMs/Pachinko_365_Nichi_(Japan)/40074
n64,Paperboy (Europe),/Nintendo_64_ROMs/Paperboy_(Europe)/40075
n64,Paperboy (USA),/Nintendo_64_ROMs/Paperboy_(USA)/40076
n64,Parlor! Pro 64 - Pachinko Jikki Simulation Game (Japan),/Nintendo_64_ROMs/Parlor!_Pro_64_-_Pachinko_Jikki_Simulation_Game_(Japan)/40079
n64,PD Ultraman Battle Collection 64 (Japan),/Nintendo_64_ROMs/PD_Ultraman_Battle_Collection_64_(Japan)/40080
n64,Penny Racers (Europe),/Nintendo_64_ROMs/Penny_Racers_(Europe)/40081
n64,Penny Racers (USA),/Nintendo_64_ROMs/Penny_Racers_(USA)/40082
n64,"Perfect Dark (Europe) (En,Fr,De,Es,It)","/Nintendo_64_ROMs/Perfect_Dark_(Europe)_(En,Fr,De,Es,It)/40083"
n64,Perfect Dark (Japan),/Nintendo_64_ROMs/Perfect_Dark_(Japan)/40084
n64,Perfect Dark (USA),/Nintendo_64_ROMs/Perfect_Dark_(USA)/40086
n64,Perfect Dark (USA) (Rev A),/Nintendo_64_ROMs/Perfect_Dark_(USA)_(Rev_A)/40085
n64,PGA European Tour (USA),/Nintendo_64_ROMs/PGA_European_Tour_(USA)/40088
n64,"PGA European Tour Golf (Europe) (En,Fr,De,Es,It)","/Nintendo_64_ROMs/PGA_European_Tour_Golf_(Europe)_(En,Fr,De,Es,It)/40087"
n64,Pikachuu Genki de Chuu (Japan),/Nintendo_64_ROMs/Pikachuu_Genki_de_Chuu_(Japan)/40089
n64,"Pilotwings 64 (Europe) (En,Fr,De)","/Nintendo_64_ROMs/Pilotwings_64_(Europe)_(En,Fr,De)/40090"
n64,Pilotwings 64 (Japan),/Nintendo_64_ROMs/Pilotwings_64_(Japan)/40091
n64,Pilotwings 64 (USA),/Nintendo_64_ROMs/Pilotwings_64_(USA)/40092
n64,Polaris SnoCross (USA),/Nintendo_64_ROMs/Polaris_SnoCross_(USA)/40123
n64,Power League 64 (Japan),/Nintendo_64_ROMs/Power_League_64_(Japan)/40124
n64,Power Rangers - Lightspeed Rescue (Europe),/Nintendo_64_ROMs/Power_Rangers_-_Lightspeed_Rescue_(Europe)/40126
n64,Power Rangers - Lightspeed Rescue (USA),/Nintendo_64_ROMs/Power_Rangers_-_Lightspeed_Rescue_(USA)/40127
n64,"Powerpuff Girls, The - Chemical X-Traction (USA)","/Nintendo_64_ROMs/Powerpuff_Girls,_The_-_Chemical_X-Traction_(USA)/40125"
n64,Premier Manager 64 (Europe),/Nintendo_64_ROMs/Premier_Manager_64_(Europe)/40128
n64,Pro Mahjong Kiwame 64 (Japan),/Nintendo_64_ROMs/Pro_Mahjong_Kiwame_64_(Japan)/40130
n64,Pro Mahjong Kiwame 64 (Japan) (Rev A),/Nintendo_64_ROMs/Pro_Mahjong_Kiwame_64_(Japan)_(Rev_A)/40129
n64,Pro Mahjong Tsuwamono 64 - Jansou Battle ni Chousen (Japan),/Nintendo_64_ROMs/Pro_Mahjong_Tsuwamono_64_-_Jansou_Battle_ni_Chousen_(Japan)/40131
n64,Puyo Puyo 4 - Puyo Puyon Party (Japan),/Nintendo_64_ROMs/Puyo_Puyo_4_-_Puyo_Puyon_Party_(Japan)/40132
n64,Puyo Puyo Sun 64 (Japan),/Nintendo_64_ROMs/Puyo_Puyo_Sun_64_(Japan)/40133
n64,Puzzle Bobble 64 (Japan),/Nintendo_64_ROMs/Puzzle_Bobble_64_(Japan)/40134
n64,Quake 64 (Europe),/Nintendo_64_ROMs/Quake_64_(Europe)/40135
n64,Quake 64 (USA),/Nintendo_64_ROMs/Quake_64_(USA)/40136
n64,Quake II (Europe),/Nintendo_64_ROMs/Quake_II_(Europe)/40137
n64,Quake II (USA),/Nintendo_64_ROMs/Quake_II_(USA)/40138
n64,Quest 64 (USA),/Nintendo_64_ROMs/Quest_64_(USA)/40139
n64,Racing Simulation 2 (Germany),/Nintendo_64_ROMs/Racing_Simulation_2_(Germany)/40140
n64,Rakuga Kids (Europe),/Nintendo_64_ROMs/Rakuga_Kids_(Europe)/40141
n64,Rakuga Kids (Japan),/Nintendo_64_ROMs/Rakuga_Kids_(Japan)/40142
n64,Rally '99 (Japan),/Nintendo_64_ROMs/Rally_'99_(Japan)/40143
n64,Rally Challenge 2000 (USA),/Nintendo_64_ROMs/Rally_Challenge_2000_(USA)/40144
n64,Rampage - World Tour (Europe),/Nintendo_64_ROMs/Rampage_-_World_Tour_(Europe)/40147
n64,Rampage - World Tour (USA),/Nintendo_64_ROMs/Rampage_-_World_Tour_(USA)/40148
n64,Rampage 2 - Universal Tour (Europe),/Nintendo_64_ROMs/Rampage_2_-_Universal_Tour_(Europe)/40145
n64,Rampage 2 - Universal Tour (USA),/Nintendo_64_ROMs/Rampage_2_-_Universal_Tour_(USA)/40146
n64,"Rat Attack! (Europe) (En,Fr,De,Es,It,Nl)","/Nintendo_64_ROMs/Rat_Attack!_(Europe)_(En,Fr,De,Es,It,Nl)/40149"
n64,"Rat Attack! (USA) (En,Fr,De,Es,It,Nl)","/Nintendo_64_ROMs/Rat_Attack!_(USA)_(En,Fr,De,Es,It,Nl)/40150"
n64,"Rayman 2 - The Great Escape (Europe) (En,Fr,De,Es,It)","/Nintendo_64_ROMs/Rayman_2_-_The_Great_Escape_(Europe)_(En,Fr,De,Es,It)/40151"
n64,"Rayman 2 - The Great Escape (USA) (En,Fr,De,Es,It)","/Nintendo_64_ROMs/Rayman_2_-_The_Great_Escape_(USA)_(En,Fr,De,Es,It)/40152"
n64,"Razmoket, Les - La Chasse aux Tresors (France)","/Nintendo_64_ROMs/Razmoket,_Les_-_La_Chasse_aux_Tresors_(France)/40153"
n64,Razor Freestyle Scooter (USA),/Nintendo_64_ROMs/Razor_Freestyle_Scooter_(USA)/40154
n64,"Re-Volt (Europe) (En,Fr,De,Es)","/Nintendo_64_ROMs/Re-Volt_(Europe)_(En,Fr,De,Es)/40160"
n64,Re-Volt (USA),/Nintendo_64_ROMs/Re-Volt_(USA)/40161
n64,Ready 2 Rumble Boxing - Round 2 (USA),/Nintendo_64_ROMs/Ready_2_Rumble_Boxing_-_Round_2_(USA)/40156
n64,"Ready 2 Rumble Boxing (Europe) (En,Fr,De)","/Nintendo_64_ROMs/Ready_2_Rumble_Boxing_(Europe)_(En,Fr,De)/40155"
n64,Ready 2 Rumble Boxing (USA),/Nintendo_64_ROMs/Ready_2_Rumble_Boxing_(USA)/40157
n64,"Resident Evil 2 (Europe) (En,Fr)","/Nintendo_64_ROMs/Resident_Evil_2_(Europe)_(En,Fr)/40158"
n64,Resident Evil 2 (USA) (Rev A),/Nintendo_64_ROMs/Resident_Evil_2_(USA)_(Rev_A)/40159
n64,Road Rash 64 (Europe),/Nintendo_64_ROMs/Road_Rash_64_(Europe)/40162
n64,Road Rash 64 (USA),/Nintendo_64_ROMs/Road_Rash_64_(USA)/40163
n64,"Roadsters Trophy (Europe) (En,Fr,De,Es,It,Nl)","/Nintendo_64_ROMs/Roadsters_Trophy_(Europe)_(En,Fr,De,Es,It,Nl)/40164"
n64,"Roadsters Trophy (USA) (En,Fr,Es)","/Nintendo_64_ROMs/Roadsters_Trophy_(USA)_(En,Fr,Es)/40165"
n64,Robot Ponkottsu 64 - 7tsu no Umi no Caramel (Japan),/Nintendo_64_ROMs/Robot_Ponkottsu_64_-_7tsu_no_Umi_no_Caramel_(Japan)/40167
n64,Robotech - Crystal Dreams (USA) (Proto),/Nintendo_64_ROMs/Robotech_-_Crystal_Dreams_(USA)_(Proto)/40166
n64,Robotron 64 (Europe),/Nintendo_64_ROMs/Robotron_64_(Europe)/40168
n64,Robotron 64 (USA),/Nintendo_64_ROMs/Robotron_64_(USA)/40169
n64,"Rocket - Robot on Wheels (Europe) (En,Fr,De)","/Nintendo_64_ROMs/Rocket_-_Robot_on_Wheels_(Europe)_(En,Fr,De)/40170"
n64,Rocket - Robot on Wheels (USA),/Nintendo_64_ROMs/Rocket_-_Robot_on_Wheels_(USA)/40171
n64,Rockman Dash - Hagane no Boukenshin (Japan),/Nintendo_64_ROMs/Rockman_Dash_-_Hagane_no_Boukenshin_(Japan)/40172
n64,RR64 - Ridge Racer 64 (Europe),/Nintendo_64_ROMs/RR64_-_Ridge_Racer_64_(Europe)/40173
n64,RR64 - Ridge Racer 64 (USA),/Nintendo_64_ROMs/RR64_-_Ridge_Racer_64_(USA)/40174
n64,RTL World League Soccer 2000 (Germany),/Nintendo_64_ROMs/RTL_World_League_Soccer_2000_(Germany)/40175
n64,Rugrats - Die grosse Schatzsuche (Germany),/Nintendo_64_ROMs/Rugrats_-_Die_grosse_Schatzsuche_(Germany)/40176
n64,Rugrats - Scavenger Hunt (USA),/Nintendo_64_ROMs/Rugrats_-_Scavenger_Hunt_(USA)/40179
n64,Rugrats - Treasure Hunt (Europe),/Nintendo_64_ROMs/Rugrats_-_Treasure_Hunt_(Europe)/40180
n64,Rugrats in Paris - The Movie (Europe),/Nintendo_64_ROMs/Rugrats_in_Paris_-_The_Movie_(Europe)/40177
n64,Rugrats in Paris - The Movie (USA),/Nintendo_64_ROMs/Rugrats_in_Paris_-_The_Movie_(USA)/40178
n64,"Rush 2 - Extreme Racing USA (Europe) (En,Fr,De,Es,It,Nl)","/Nintendo_64_ROMs/Rush_2_-_Extreme_Racing_USA_(Europe)_(En,Fr,De,Es,It,Nl)/40181"
n64,Rush 2 - Extreme Racing USA (USA),/Nintendo_64_ROMs/Rush_2_-_Extreme_Racing_USA_(USA)/40182
n64,"S.C.A.R.S. (Europe) (En,Fr,De)","/Nintendo_64_ROMs/S.C.A.R.S._(Europe)_(En,Fr,De)/40188"
n64,S.C.A.R.S. (USA),/Nintendo_64_ROMs/S.C.A.R.S._(USA)/40189
n64,Saikyou Habu Shougi (Japan),/Nintendo_64_ROMs/Saikyou_Habu_Shougi_(Japan)/40183
n64,"San Francisco Rush - Extreme Racing (Europe) (En,Fr,De)","/Nintendo_64_ROMs/San_Francisco_Rush_-_Extreme_Racing_(Europe)_(En,Fr,De)/40186"
n64,"San Francisco Rush - Extreme Racing (USA) (En,Fr,De)","/Nintendo_64_ROMs/San_Francisco_Rush_-_Extreme_Racing_(USA)_(En,Fr,De)/40187"
n64,"San Francisco Rush 2049 (Europe) (En,Fr,De,Es,It,Nl)","/Nintendo_64_ROMs/San_Francisco_Rush_2049_(Europe)_(En,Fr,De,Es,It,Nl)/40184"
n64,San Francisco Rush 2049 (USA),/Nintendo_64_ROMs/San_Francisco_Rush_2049_(USA)/40185
n64,Scooby-Doo! - Classic Creep Capers (Europe),/Nintendo_64_ROMs/Scooby-Doo!_-_Classic_Creep_Capers_(Europe)/40190
n64,Scooby-Doo! - Classic Creep Capers (USA),/Nintendo_64_ROMs/Scooby-Doo!_-_Classic_Creep_Capers_(USA)/40191
n64,SD Hiryuu no Ken Densetsu (Japan),/Nintendo_64_ROMs/SD_Hiryuu_no_Ken_Densetsu_(Japan)/40192
n64,"Shadow Man (Europe) (En,Es,It)","/Nintendo_64_ROMs/Shadow_Man_(Europe)_(En,Es,It)/40198"
n64,Shadow Man (France),/Nintendo_64_ROMs/Shadow_Man_(France)/40199
n64,Shadow Man (Germany),/Nintendo_64_ROMs/Shadow_Man_(Germany)/40200
n64,Shadow Man (USA),/Nintendo_64_ROMs/Shadow_Man_(USA)/40201
n64,Shadowgate 64 - Trials of the Four Towers (Europe),/Nintendo_64_ROMs/Shadowgate_64_-_Trials_of_the_Four_Towers_(Europe)/40195
n64,"Shadowgate 64 - Trials of the Four Towers (Europe) (Es,It)","/Nintendo_64_ROMs/Shadowgate_64_-_Trials_of_the_Four_Towers_(Europe)_(Es,It)/40193"
n64,"Shadowgate 64 - Trials of the Four Towers (Europe) (Fr,De,Nl)","/Nintendo_64_ROMs/Shadowgate_64_-_Trials_of_the_Four_Towers_(Europe)_(Fr,De,Nl)/40194"
n64,Shadowgate 64 - Trials of the Four Towers (Japan),/Nintendo_64_ROMs/Shadowgate_64_-_Trials_of_the_Four_Towers_(Japan)/40196
n64,"Shadowgate 64 - Trials of the Four Towers (USA) (En,Es)","/Nintendo_64_ROMs/Shadowgate_64_-_Trials_of_the_Four_Towers_(USA)_(En,Es)/40197"
n64,Shin Nihon Pro Wrestling Toukon Road - Brave Spirits (Japan),/Nintendo_64_ROMs/Shin_Nihon_Pro_Wrestling_Toukon_Road_-_Brave_Spirits_(Japan)/40203
n64,Shin Nihon Pro Wrestling Toukon Road 2 - The Next Generation (Japan),/Nintendo_64_ROMs/Shin_Nihon_Pro_Wrestling_Toukon_Road_2_-_The_Next_Generation_(Japan)/40202
n64,Sim City 2000 (Japan),/Nintendo_64_ROMs/Sim_City_2000_(Japan)/40204
n64,Snobo Kids (Japan),/Nintendo_64_ROMs/Snobo_Kids_(Japan)/40205
n64,Snow Speeder (Japan),/Nintendo_64_ROMs/Snow_Speeder_(Japan)/40210
n64,Snowboard Kids (Europe),/Nintendo_64_ROMs/Snowboard_Kids_(Europe)/40208
n64,Snowboard Kids (USA),/Nintendo_64_ROMs/Snowboard_Kids_(USA)/40209
n64,Snowboard Kids 2 (Europe),/Nintendo_64_ROMs/Snowboard_Kids_2_(Europe)/40206
n64,Snowboard Kids 2 (USA),/Nintendo_64_ROMs/Snowboard_Kids_2_(USA)/40207
n64,Sonic Wings Assault (Japan),/Nintendo_64_ROMs/Sonic_Wings_Assault_(Japan)/40211
n64,South Park - Chef's Luv Shack (Europe),/Nintendo_64_ROMs/South_Park_-_Chef's_Luv_Shack_(Europe)/40212
n64,South Park - Chef's Luv Shack (USA),/Nintendo_64_ROMs/South_Park_-_Chef's_Luv_Shack_(USA)/40213
n64,"South Park (Europe) (En,Fr,Es)","/Nintendo_64_ROMs/South_Park_(Europe)_(En,Fr,Es)/40214"
n64,South Park (Germany),/Nintendo_64_ROMs/South_Park_(Germany)/40215
n64,South Park (USA),/Nintendo_64_ROMs/South_Park_(USA)/40218
n64,South Park Rally (Europe),/Nintendo_64_ROMs/South_Park_Rally_(Europe)/40216
n64,South Park Rally (USA),/Nintendo_64_ROMs/South_Park_Rally_(USA)/40217
n64,Space Dynamites (Japan),/Nintendo_64_ROMs/Space_Dynamites_(Japan)/40219
n64,Space Invaders (USA),/Nintendo_64_ROMs/Space_Invaders_(USA)/40220
n64,"SpaceStation Silicon Valley (Europe) (En,Fr,De,Es,It,Nl,Pt)","/Nintendo_64_ROMs/SpaceStation_Silicon_Valley_(Europe)_(En,Fr,De,Es,It,Nl,Pt)/40221"
n64,SpaceStation Silicon Valley (Japan) (Proto),/Nintendo_64_ROMs/SpaceStation_Silicon_Valley_(Japan)_(Proto)/40222
n64,SpaceStation Silicon Valley (USA),/Nintendo_64_ROMs/SpaceStation_Silicon_Valley_(USA)/40223
n64,Spider-Man (USA),/Nintendo_64_ROMs/Spider-Man_(USA)/40224
n64,Star Soldier - Vanishing Earth (Japan),/Nintendo_64_ROMs/Star_Soldier_-_Vanishing_Earth_(Japan)/40233
n64,Star Soldier - Vanishing Earth (USA),/Nintendo_64_ROMs/Star_Soldier_-_Vanishing_Earth_(USA)/40234
n64,Star Twins (Japan),/Nintendo_64_ROMs/Star_Twins_(Japan)/40235
n64,"Star Wars - Rogue Squadron (Europe) (En,Fr,De)","/Nintendo_64_ROMs/Star_Wars_-_Rogue_Squadron_(Europe)_(En,Fr,De)/40242"
n64,"Star Wars - Rogue Squadron (Europe) (En,Fr,De) (Rev A)","/Nintendo_64_ROMs/Star_Wars_-_Rogue_Squadron_(Europe)_(En,Fr,De)_(Rev_A)/40241"
n64,Star Wars - Rogue Squadron (USA),/Nintendo_64_ROMs/Star_Wars_-_Rogue_Squadron_(USA)/40243
n64,Star Wars - Shadows of the Empire (Europe),/Nintendo_64_ROMs/Star_Wars_-_Shadows_of_the_Empire_(Europe)/40244
n64,Star Wars - Shadows of the Empire (USA),/Nintendo_64_ROMs/Star_Wars_-_Shadows_of_the_Empire_(USA)/40247
n64,Star Wars - Shadows of the Empire (USA) (Rev A),/Nintendo_64_ROMs/Star_Wars_-_Shadows_of_the_Empire_(USA)_(Rev_A)/40245
n64,Star Wars - Shadows of the Empire (USA) (Rev B),/Nintendo_64_ROMs/Star_Wars_-_Shadows_of_the_Empire_(USA)_(Rev_B)/40246
n64,Star Wars - Shutsugeki! Rogue Chuutai (Japan),/Nintendo_64_ROMs/Star_Wars_-_Shutsugeki!_Rogue_Chuutai_(Japan)/40248
n64,Star Wars - Teikoku no Kage (Japan),/Nintendo_64_ROMs/Star_Wars_-_Teikoku_no_Kage_(Japan)/40249
n64,Star Wars Episode I - Battle for Naboo (Europe),/Nintendo_64_ROMs/Star_Wars_Episode_I_-_Battle_for_Naboo_(Europe)/40236
n64,Star Wars Episode I - Battle for Naboo (USA),/Nintendo_64_ROMs/Star_Wars_Episode_I_-_Battle_for_Naboo_(USA)/40237
n64,"Star Wars Episode I - Racer (Europe) (En,Fr,De)","/Nintendo_64_ROMs/Star_Wars_Episode_I_-_Racer_(Europe)_(En,Fr,De)/40238"
n64,Star Wars Episode I - Racer (Japan),/Nintendo_64_ROMs/Star_Wars_Episode_I_-_Racer_(Japan)/40239
n64,Star Wars Episode I - Racer (USA),/Nintendo_64_ROMs/Star_Wars_Episode_I_-_Racer_(USA)/40240
n64,StarCraft 64 (Europe),/Nintendo_64_ROMs/StarCraft_64_(Europe)/40225
n64,StarCraft 64 (USA),/Nintendo_64_ROMs/StarCraft_64_(USA)/40227
n64,StarCraft 64 (USA) (Beta),/Nintendo_64_ROMs/StarCraft_64_(USA)_(Beta)/40226
n64,"Starshot - Space Circus Fever (Europe) (En,Fr,De)","/Nintendo_64_ROMs/Starshot_-_Space_Circus_Fever_(Europe)_(En,Fr,De)/40231"
n64,"Starshot - Space Circus Fever (USA) (En,Fr,Es)","/Nintendo_64_ROMs/Starshot_-_Space_Circus_Fever_(USA)_(En,Fr,Es)/40232"
n64,Stunt Racer 64 (USA),/Nintendo_64_ROMs/Stunt_Racer_64_(USA)/40250
n64,Super B-Daman - Battle Phoenix 64 (Japan),/Nintendo_64_ROMs/Super_B-Daman_-_Battle_Phoenix_64_(Japan)/40251
n64,Super Bowling (Japan),/Nintendo_64_ROMs/Super_Bowling_(Japan)/40252
n64,Super Bowling (USA),/Nintendo_64_ROMs/Super_Bowling_(USA)/40253
n64,Super Robot Spirits (Japan),/Nintendo_64_ROMs/Super_Robot_Spirits_(Japan)/40262
n64,Super Robot Taisen 64 (Japan),/Nintendo_64_ROMs/Super_Robot_Taisen_64_(Japan)/40263
n64,Super Speed Race 64 (Japan),/Nintendo_64_ROMs/Super_Speed_Race_64_(Japan)/40267
n64,"Supercross 2000 (Europe) (En,Fr,De)","/Nintendo_64_ROMs/Supercross_2000_(Europe)_(En,Fr,De)/40254"
n64,Supercross 2000 (USA),/Nintendo_64_ROMs/Supercross_2000_(USA)/40255
n64,"Superman (Europe) (En,Fr,De,Es,It,Nl)","/Nintendo_64_ROMs/Superman_(Europe)_(En,Fr,De,Es,It,Nl)/40256"
n64,"Superman (USA) (En,Fr,Es)","/Nintendo_64_ROMs/Superman_(USA)_(En,Fr,Es)/40257"
n64,Susume! Taisen Puzzle Dama - Toukon! Marutama Chou (Japan),/Nintendo_64_ROMs/Susume!_Taisen_Puzzle_Dama_-_Toukon!_Marutama_Chou_(Japan)/40268
n64,Tarzan (Europe),/Nintendo_64_ROMs/Tarzan_(Europe)/40269
n64,Tarzan (France),/Nintendo_64_ROMs/Tarzan_(France)/40270
n64,Tarzan (Germany),/Nintendo_64_ROMs/Tarzan_(Germany)/40271
n64,Tarzan (USA),/Nintendo_64_ROMs/Tarzan_(USA)/40272
n64,"Taz Express (Europe) (En,Fr,De,Es,It,Nl)","/Nintendo_64_ROMs/Taz_Express_(Europe)_(En,Fr,De,Es,It,Nl)/40273"
n64,Telefoot Soccer 2000 (France),/Nintendo_64_ROMs/Telefoot_Soccer_2000_(France)/40274
n64,Tetris 64 (Japan),/Nintendo_64_ROMs/Tetris_64_(Japan)/40275
n64,Tetrisphere (Europe),/Nintendo_64_ROMs/Tetrisphere_(Europe)/40276
n64,Tetrisphere (USA),/Nintendo_64_ROMs/Tetrisphere_(USA)/40277
n64,TG Rally 2 (Europe),/Nintendo_64_ROMs/TG_Rally_2_(Europe)/40278
n64,"Tigger's Honey Hunt (Europe) (En,Fr,De,Es,It,Nl,Da)","/Nintendo_64_ROMs/Tigger's_Honey_Hunt_(Europe)_(En,Fr,De,Es,It,Nl,Da)/40279"
n64,Tigger's Honey Hunt (USA),/Nintendo_64_ROMs/Tigger's_Honey_Hunt_(USA)/40280
n64,"Tom and Jerry in Fists of Furry (Europe) (En,Fr,De,Es,It,Nl)","/Nintendo_64_ROMs/Tom_and_Jerry_in_Fists_of_Furry_(Europe)_(En,Fr,De,Es,It,Nl)/40281"
n64,Tom and Jerry in Fists of Furry (USA),/Nintendo_64_ROMs/Tom_and_Jerry_in_Fists_of_Furry_(USA)/40282
n64,Tom Clancy's Rainbow Six (Europe),/Nintendo_64_ROMs/Tom_Clancy's_Rainbow_Six_(Europe)/40283
n64,Tom Clancy's Rainbow Six (France),/Nintendo_64_ROMs/Tom_Clancy's_Rainbow_Six_(France)/40284
n64,Tom Clancy's Rainbow Six (Germany),/Nintendo_64_ROMs/Tom_Clancy's_Rainbow_Six_(Germany)/40285
n64,Tom Clancy's Rainbow Six (USA),/Nintendo_64_ROMs/Tom_Clancy's_Rainbow_Six_(USA)/40286
n64,"Tonic Trouble (Europe) (En,Fr,De,Es,It)","/Nintendo_64_ROMs/Tonic_Trouble_(Europe)_(En,Fr,De,Es,It)/40287"
n64,Tonic Trouble (USA) (Rev A),/Nintendo_64_ROMs/Tonic_Trouble_(USA)_(Rev_A)/40288
n64,Tony Hawk's Pro Skater (Europe),/Nintendo_64_ROMs/Tony_Hawk's_Pro_Skater_(Europe)/40292
n64,Tony Hawk's Pro Skater (USA),/Nintendo_64_ROMs/Tony_Hawk's_Pro_Skater_(USA)/40294
n64,Tony Hawk's Pro Skater (USA) (Rev A),/Nintendo_64_ROMs/Tony_Hawk's_Pro_Skater_(USA)_(Rev_A)/40293
n64,Tony Hawk's Pro Skater 2 (Europe),/Nintendo_64_ROMs/Tony_Hawk's_Pro_Skater_2_(Europe)/40289
n64,Tony Hawk's Pro Skater 2 (USA),/Nintendo_64_ROMs/Tony_Hawk's_Pro_Skater_2_(USA)/40290
n64,Tony Hawk's Pro Skater 3 (USA),/Nintendo_64_ROMs/Tony_Hawk's_Pro_Skater_3_(USA)/40291
n64,Toon Panic (Japan) (Proto),/Nintendo_64_ROMs/Toon_Panic_(Japan)_(Proto)/40295
n64,Top Gear Hyper-Bike (Europe),/Nintendo_64_ROMs/Top_Gear_Hyper-Bike_(Europe)/40296
n64,Top Gear Hyper-Bike (Japan),/Nintendo_64_ROMs/Top_Gear_Hyper-Bike_(Japan)/40297
n64,Top Gear Hyper-Bike (USA),/Nintendo_64_ROMs/Top_Gear_Hyper-Bike_(USA)/40298
n64,Top Gear Overdrive (Europe),/Nintendo_64_ROMs/Top_Gear_Overdrive_(Europe)/40299
n64,Top Gear Overdrive (Japan),/Nintendo_64_ROMs/Top_Gear_Overdrive_(Japan)/40300
n64,Top Gear Overdrive (USA),/Nintendo_64_ROMs/Top_Gear_Overdrive_(USA)/40301
n64,Top Gear Rally (Europe),/Nintendo_64_ROMs/Top_Gear_Rally_(Europe)/40305
n64,Top Gear Rally (Japan),/Nintendo_64_ROMs/Top_Gear_Rally_(Japan)/40306
n64,Top Gear Rally (USA),/Nintendo_64_ROMs/Top_Gear_Rally_(USA)/40307
n64,Top Gear Rally 2 (Europe),/Nintendo_64_ROMs/Top_Gear_Rally_2_(Europe)/40302
n64,Top Gear Rally 2 (Japan),/Nintendo_64_ROMs/Top_Gear_Rally_2_(Japan)/40303
n64,Top Gear Rally 2 (USA),/Nintendo_64_ROMs/Top_Gear_Rally_2_(USA)/40304
n64,Toy Story 2 (Europe),/Nintendo_64_ROMs/Toy_Story_2_(Europe)/40308
n64,Toy Story 2 (France),/Nintendo_64_ROMs/Toy_Story_2_(France)/40309
n64,Toy Story 2 (Germany),/Nintendo_64_ROMs/Toy_Story_2_(Germany)/40310
n64,Toy Story 2 (USA),/Nintendo_64_ROMs/Toy_Story_2_(USA)/40311
n64,Transformers - Beast Wars Metals 64 (Japan),/Nintendo_64_ROMs/Transformers_-_Beast_Wars_Metals_64_(Japan)/40312
n64,Transformers - Beast Wars Transmetals (USA),/Nintendo_64_ROMs/Transformers_-_Beast_Wars_Transmetals_(USA)/40313
n64,Triple Play 2000 (USA),/Nintendo_64_ROMs/Triple_Play_2000_(USA)/40314
n64,Tsumi to Batsu - Hoshi no Keishousha (Japan),/Nintendo_64_ROMs/Tsumi_to_Batsu_-_Hoshi_no_Keishousha_(Japan)/40315
n64,Turok - Dinosaur Hunter (Europe),/Nintendo_64_ROMs/Turok_-_Dinosaur_Hunter_(Europe)/40328
n64,Turok - Dinosaur Hunter (Europe) (Rev A),/Nintendo_64_ROMs/Turok_-_Dinosaur_Hunter_(Europe)_(Rev_A)/40326
n64,Turok - Dinosaur Hunter (Europe) (Rev B),/Nintendo_64_ROMs/Turok_-_Dinosaur_Hunter_(Europe)_(Rev_B)/40327
n64,Turok - Dinosaur Hunter (Germany),/Nintendo_64_ROMs/Turok_-_Dinosaur_Hunter_(Germany)/40329
n64,Turok - Dinosaur Hunter (USA),/Nintendo_64_ROMs/Turok_-_Dinosaur_Hunter_(USA)/40332
n64,Turok - Dinosaur Hunter (USA) (Rev A),/Nintendo_64_ROMs/Turok_-_Dinosaur_Hunter_(USA)_(Rev_A)/40330
n64,Turok - Dinosaur Hunter (USA) (Rev B),/Nintendo_64_ROMs/Turok_-_Dinosaur_Hunter_(USA)_(Rev_B)/40331
n64,Turok - Legenden des Verlorenen Landes (Germany),/Nintendo_64_ROMs/Turok_-_Legenden_des_Verlorenen_Landes_(Germany)/40333
n64,Turok - Rage Wars (Europe),/Nintendo_64_ROMs/Turok_-_Rage_Wars_(Europe)/40335
n64,"Turok - Rage Wars (Europe) (En,Fr,It)","/Nintendo_64_ROMs/Turok_-_Rage_Wars_(Europe)_(En,Fr,It)/40334"
n64,Turok - Rage Wars (USA),/Nintendo_64_ROMs/Turok_-_Rage_Wars_(USA)/40336
n64,Turok 2 - Seeds of Evil (Europe),/Nintendo_64_ROMs/Turok_2_-_Seeds_of_Evil_(Europe)/40318
n64,"Turok 2 - Seeds of Evil (Europe) (En,Fr,Es,It)","/Nintendo_64_ROMs/Turok_2_-_Seeds_of_Evil_(Europe)_(En,Fr,Es,It)/40316"
n64,Turok 2 - Seeds of Evil (Europe) (Kiosk Demo),/Nintendo_64_ROMs/Turok_2_-_Seeds_of_Evil_(Europe)_(Kiosk_Demo)/40317
n64,Turok 2 - Seeds of Evil (Germany),/Nintendo_64_ROMs/Turok_2_-_Seeds_of_Evil_(Germany)/40319
n64,Turok 2 - Seeds of Evil (USA),/Nintendo_64_ROMs/Turok_2_-_Seeds_of_Evil_(USA)/40322
n64,Turok 2 - Seeds of Evil (USA) (Kiosk Demo),/Nintendo_64_ROMs/Turok_2_-_Seeds_of_Evil_(USA)_(Kiosk_Demo)/40320
n64,Turok 2 - Seeds of Evil (USA) (Rev A),/Nintendo_64_ROMs/Turok_2_-_Seeds_of_Evil_(USA)_(Rev_A)/40321
n64,Turok 3 - Shadow of Oblivion (Europe),/Nintendo_64_ROMs/Turok_3_-_Shadow_of_Oblivion_(Europe)/40323
n64,Turok 3 - Shadow of Oblivion (USA),/Nintendo_64_ROMs/Turok_3_-_Shadow_of_Oblivion_(USA)/40325
n64,Turok 3 - Shadow of Oblivion (USA) (Beta),/Nintendo_64_ROMs/Turok_3_-_Shadow_of_Oblivion_(USA)_(Beta)/40324
n64,Twisted Edge - Extreme Snowboarding (Europe),/Nintendo_64_ROMs/Twisted_Edge_-_Extreme_Snowboarding_(Europe)/40337
n64,Twisted Edge - Extreme Snowboarding (USA),/Nintendo_64_ROMs/Twisted_Edge_-_Extreme_Snowboarding_(USA)/40338
n64,Utchan Nanchan no Hono no Challenger - Denryuu Ira Ira Bou (Japan),/Nintendo_64_ROMs/Utchan_Nanchan_no_Hono_no_Challenger_-_Denryuu_Ira_Ira_Bou_(Japan)/40339
n64,"V-Rally Edition 99 (Europe) (En,Fr,De)","/Nintendo_64_ROMs/V-Rally_Edition_99_(Europe)_(En,Fr,De)/40353"
n64,V-Rally Edition 99 (Japan),/Nintendo_64_ROMs/V-Rally_Edition_99_(Japan)/40354
n64,V-Rally Edition 99 (USA),/Nintendo_64_ROMs/V-Rally_Edition_99_(USA)/40355
n64,Vigilante 8 - 2nd Offense (Europe),/Nintendo_64_ROMs/Vigilante_8_-_2nd_Offense_(Europe)/40340
n64,Vigilante 8 - 2nd Offense (USA),/Nintendo_64_ROMs/Vigilante_8_-_2nd_Offense_(USA)/40341
n64,Vigilante 8 (Europe),/Nintendo_64_ROMs/Vigilante_8_(Europe)/40342
n64,Vigilante 8 (France),/Nintendo_64_ROMs/Vigilante_8_(France)/40343
n64,Vigilante 8 (Germany),/Nintendo_64_ROMs/Vigilante_8_(Germany)/40344
n64,Vigilante 8 (USA),/Nintendo_64_ROMs/Vigilante_8_(USA)/40345
n64,Violence Killer - Turok New Generation (Japan),/Nintendo_64_ROMs/Violence_Killer_-_Turok_New_Generation_(Japan)/40346
n64,"Virtual Chess 64 (Europe) (En,Fr,De,Es,It,Nl)","/Nintendo_64_ROMs/Virtual_Chess_64_(Europe)_(En,Fr,De,Es,It,Nl)/40347"
n64,"Virtual Chess 64 (USA) (En,Fr,Es)","/Nintendo_64_ROMs/Virtual_Chess_64_(USA)_(En,Fr,Es)/40348"
n64,Virtual Pool 64 (Europe),/Nintendo_64_ROMs/Virtual_Pool_64_(Europe)/40349
n64,Virtual Pool 64 (USA),/Nintendo_64_ROMs/Virtual_Pool_64_(USA)/40350
n64,Virtual Pro Wrestling 2 - Oudou Keishou (Japan),/Nintendo_64_ROMs/Virtual_Pro_Wrestling_2_-_Oudou_Keishou_(Japan)/40351
n64,Virtual Pro Wrestling 64 (Japan),/Nintendo_64_ROMs/Virtual_Pro_Wrestling_64_(Japan)/40352
n64,Waialae Country Club - True Golf Classics (Europe),/Nintendo_64_ROMs/Waialae_Country_Club_-_True_Golf_Classics_(Europe)/40357
n64,Waialae Country Club - True Golf Classics (Europe) (Rev A),/Nintendo_64_ROMs/Waialae_Country_Club_-_True_Golf_Classics_(Europe)_(Rev_A)/40356
n64,Waialae Country Club - True Golf Classics (USA),/Nintendo_64_ROMs/Waialae_Country_Club_-_True_Golf_Classics_(USA)/40359
n64,Waialae Country Club - True Golf Classics (USA) (Rev A),/Nintendo_64_ROMs/Waialae_Country_Club_-_True_Golf_Classics_(USA)_(Rev_A)/40358
n64,War Gods (Europe),/Nintendo_64_ROMs/War_Gods_(Europe)/40360
n64,War Gods (USA),/Nintendo_64_ROMs/War_Gods_(USA)/40361
n64,"Wave Race 64 (Europe) (En,De)","/Nintendo_64_ROMs/Wave_Race_64_(Europe)_(En,De)/40362"
n64,Wave Race 64 (Japan),/Nintendo_64_ROMs/Wave_Race_64_(Japan)/40365
n64,Wave Race 64 (Japan) (Rev A),/Nintendo_64_ROMs/Wave_Race_64_(Japan)_(Rev_A)/40363
n64,Wave Race 64 (Japan) (Rev B) (Shindou Edition),/Nintendo_64_ROMs/Wave_Race_64_(Japan)_(Rev_B)_(Shindou_Edition)/40364
n64,Wave Race 64 (USA),/Nintendo_64_ROMs/Wave_Race_64_(USA)/40367
n64,Wave Race 64 (USA) (Rev A),/Nintendo_64_ROMs/Wave_Race_64_(USA)_(Rev_A)/40366
n64,"Wayne Gretzky's 3D Hockey '98 (Europe) (En,Fr,De,Es)","/Nintendo_64_ROMs/Wayne_Gretzky's_3D_Hockey_'98_(Europe)_(En,Fr,De,Es)/40368"
n64,Wayne Gretzky's 3D Hockey '98 (USA),/Nintendo_64_ROMs/Wayne_Gretzky's_3D_Hockey_'98_(USA)/40369
n64,"Wayne Gretzky's 3D Hockey (Europe) (En,Fr,De,Es)","/Nintendo_64_ROMs/Wayne_Gretzky's_3D_Hockey_(Europe)_(En,Fr,De,Es)/40370"
n64,Wayne Gretzky's 3D Hockey (Japan),/Nintendo_64_ROMs/Wayne_Gretzky's_3D_Hockey_(Japan)/40371
n64,Wayne Gretzky's 3D Hockey (USA),/Nintendo_64_ROMs/Wayne_Gretzky's_3D_Hockey_(USA)/40373
n64,Wayne Gretzky's 3D Hockey (USA) (Rev A),/Nintendo_64_ROMs/Wayne_Gretzky's_3D_Hockey_(USA)_(Rev_A)/40372
n64,WCW Backstage Assault (USA),/Nintendo_64_ROMs/WCW_Backstage_Assault_(USA)/40374
n64,WCW Mayhem (Europe),/Nintendo_64_ROMs/WCW_Mayhem_(Europe)/40375
n64,WCW Mayhem (USA),/Nintendo_64_ROMs/WCW_Mayhem_(USA)/40376
n64,WCW Nitro (USA),/Nintendo_64_ROMs/WCW_Nitro_(USA)/40378
n64,WCW Nitro (USA) (Alt),/Nintendo_64_ROMs/WCW_Nitro_(USA)_(Alt)/40377
n64,WCW vs. nWo - World Tour (Europe),/Nintendo_64_ROMs/WCW_vs._nWo_-_World_Tour_(Europe)/40381
n64,WCW vs. nWo - World Tour (USA),/Nintendo_64_ROMs/WCW_vs._nWo_-_World_Tour_(USA)/40383
n64,WCW vs. nWo - World Tour (USA) (Rev A),/Nintendo_64_ROMs/WCW_vs._nWo_-_World_Tour_(USA)_(Rev_A)/40382
n64,WCW-nWo Revenge (Europe),/Nintendo_64_ROMs/WCW-nWo_Revenge_(Europe)/40379
n64,WCW-nWo Revenge (USA),/Nintendo_64_ROMs/WCW-nWo_Revenge_(USA)/40380
n64,"Wetrix (Europe) (En,Fr,De,Es,It,Nl)","/Nintendo_64_ROMs/Wetrix_(Europe)_(En,Fr,De,Es,It,Nl)/40384"
n64,Wetrix (Japan),/Nintendo_64_ROMs/Wetrix_(Japan)/40385
n64,"Wetrix (USA) (En,Fr,De,Es,It,Nl)","/Nintendo_64_ROMs/Wetrix_(USA)_(En,Fr,De,Es,It,Nl)/40386"
n64,Wheel of Fortune (USA),/Nintendo_64_ROMs/Wheel_of_Fortune_(USA)/40387
n64,Wild Choppers (Japan),/Nintendo_64_ROMs/Wild_Choppers_(Japan)/40388
n64,WinBack - Covert Operations (USA),/Nintendo_64_ROMs/WinBack_-_Covert_Operations_(USA)/40389
n64,WinBack (Japan),/Nintendo_64_ROMs/WinBack_(Japan)/40390
n64,Wipeout 64 (Europe),/Nintendo_64_ROMs/Wipeout_64_(Europe)/40391
n64,Wipeout 64 (USA),/Nintendo_64_ROMs/Wipeout_64_(USA)/40392
n64,Wonder Project J2 - Koruro no Mori no Jozet (Japan),/Nintendo_64_ROMs/Wonder_Project_J2_-_Koruro_no_Mori_no_Jozet_(Japan)/40393
n64,"World Cup 98 (Europe) (En,Fr,De,Es,It,Nl,Sv,Da)","/Nintendo_64_ROMs/World_Cup_98_(Europe)_(En,Fr,De,Es,It,Nl,Sv,Da)/40394"
n64,"World Cup 98 (USA) (En,Fr,De,Es,It,Nl,Sv,Da)","/Nintendo_64_ROMs/World_Cup_98_(USA)_(En,Fr,De,Es,It,Nl,Sv,Da)/40395"
n64,"World Driver Championship (Europe) (En,Fr,De,Es,It)","/Nintendo_64_ROMs/World_Driver_Championship_(Europe)_(En,Fr,De,Es,It)/40396"
n64,World Driver Championship (USA),/Nintendo_64_ROMs/World_Driver_Championship_(USA)/40397
n64,"Worms Armageddon (Europe) (En,Fr,De,Es,It,Nl)","/Nintendo_64_ROMs/Worms_Armageddon_(Europe)_(En,Fr,De,Es,It,Nl)/40398"
n64,"Worms Armageddon (USA) (En,Fr,Es)","/Nintendo_64_ROMs/Worms_Armageddon_(USA)_(En,Fr,Es)/40399"
n64,WWF Attitude (Europe),/Nintendo_64_ROMs/WWF_Attitude_(Europe)/40400
n64,WWF Attitude (Germany),/Nintendo_64_ROMs/WWF_Attitude_(Germany)/40401
n64,WWF Attitude (USA),/Nintendo_64_ROMs/WWF_Attitude_(USA)/40402
n64,WWF No Mercy (Europe),/Nintendo_64_ROMs/WWF_No_Mercy_(Europe)/40404
n64,WWF No Mercy (Europe) (Rev A),/Nintendo_64_ROMs/WWF_No_Mercy_(Europe)_(Rev_A)/40403
n64,WWF No Mercy (USA),/Nintendo_64_ROMs/WWF_No_Mercy_(USA)/40406
n64,WWF No Mercy (USA) (Rev A),/Nintendo_64_ROMs/WWF_No_Mercy_(USA)_(Rev_A)/40405
n64,WWF War Zone (Europe),/Nintendo_64_ROMs/WWF_War_Zone_(Europe)/40407
n64,WWF War Zone (USA),/Nintendo_64_ROMs/WWF_War_Zone_(USA)/40408
n64,WWF WrestleMania 2000 (Europe),/Nintendo_64_ROMs/WWF_WrestleMania_2000_(Europe)/40409
n64,WWF WrestleMania 2000 (Japan),/Nintendo_64_ROMs/WWF_WrestleMania_2000_(Japan)/40410
n64,WWF WrestleMania 2000 (USA),/Nintendo_64_ROMs/WWF_WrestleMania_2000_(USA)/40411
n64,Xena - Warrior Princess - The Talisman of Fate (Europe),/Nintendo_64_ROMs/Xena_-_Warrior_Princess_-_The_Talisman_of_Fate_(Europe)/40412
n64,Xena - Warrior Princess - The Talisman of Fate (USA),/Nintendo_64_ROMs/Xena_-_Warrior_Princess_-_The_Talisman_of_Fate_(USA)/40413
n64,Yakouchuu II - Satsujin Kouro (Japan),/Nintendo_64_ROMs/Yakouchuu_II_-_Satsujin_Kouro_(Japan)/40414
n64,Yoshi Story (Japan),/Nintendo_64_ROMs/Yoshi_Story_(Japan)/40417
n64,"Yoshi's Story (Europe) (En,Fr,De)","/Nintendo_64_ROMs/Yoshi's_Story_(Europe)_(En,Fr,De)/40415"
n64,"Yoshi's Story (USA) (En,Ja)","/Nintendo_64_ROMs/Yoshi's_Story_(USA)_(En,Ja)/40416"
n64,Yuke Yuke!! Trouble Makers (Japan),/Nintendo_64_ROMs/Yuke_Yuke!!_Trouble_Makers_(Japan)/40418
n64,Zool - Majuu Tsukai Densetsu (Japan),/Nintendo_64_ROMs/Zool_-_Majuu_Tsukai_Densetsu_(Japan)/40424
